length,position,stage,different,max_abs,p99_abs,relative_rms
15,0,scaled_query,0,0.0,0.0,0.0
15,0,scaled_key_transpose,0,0.0,0.0,0.0
15,0,scores,7,6.103515625e-05,5.7067871093749976e-05,7.40323998376596e-08
15,0,probabilities,0,0.0,0.0,0.0
15,0,weighted_values,0,0.0,0.0,0.0
15,1,scaled_query,0,0.0,0.0,0.0
15,1,scaled_key_transpose,0,0.0,0.0,0.0
15,1,scores,17,6.103515625e-05,6.103515625e-05,8.450667583162075e-08
15,1,probabilities,17,8.650124073028564e-06,8.648112416267395e-06,7.163316918795814e-06
15,1,weighted_values,522,9.164214134216309e-07,4.4535845518111996e-07,4.311910473981153e-06
15,2,scaled_query,0,0.0,0.0,0.0
15,2,scaled_key_transpose,0,0.0,0.0,0.0
15,2,scores,18,6.103515625e-05,4.852294921874989e-05,6.102645886875381e-08
15,2,probabilities,39,1.4394521713256836e-05,1.3129860162734973e-05,1.1671900178319705e-05
15,2,weighted_values,803,8.791685104370117e-07,5.014211637899279e-07,6.4141948196343755e-06
15,3,scaled_query,0,0.0,0.0,0.0
15,3,scaled_key_transpose,0,0.0,0.0,0.0
15,3,scores,29,6.103515625e-05,6.103515625e-05,6.724086401637578e-08
15,3,probabilities,52,1.2755393981933594e-05,1.1730939149856572e-05,1.1687539380482205e-05
15,3,weighted_values,813,1.125037670135498e-06,5.820766091346741e-07,8.087137944890529e-06
15,4,scaled_query,0,0.0,0.0,0.0
15,4,scaled_key_transpose,0,0.0,0.0,0.0
15,4,scores,28,6.103515625e-05,6.103515625e-05,6.967491326916083e-08
15,4,probabilities,67,1.9222497940063477e-05,1.6610920429229747e-05,1.3755182719924922e-05
15,4,weighted_values,811,1.3113021850585938e-06,5.277572199702257e-07,6.501543765914886e-06
15,5,scaled_query,0,0.0,0.0,0.0
15,5,scaled_key_transpose,0,0.0,0.0,0.0
15,5,scores,36,0.0001220703125,9.674072265625005e-05,8.363701493809733e-08
15,5,probabilities,72,1.3917684555053711e-05,1.156777143478394e-05,1.3276519040599649e-05
15,5,weighted_values,754,7.655471563339233e-07,4.791188985109317e-07,6.374649136241056e-06
15,6,scaled_query,0,0.0,0.0,0.0
15,6,scaled_key_transpose,0,0.0,0.0,0.0
15,6,scores,34,6.103515625e-05,6.103515625e-05,5.965770005934105e-08
15,6,probabilities,87,8.52346420288086e-06,8.350014686584473e-06,1.0079852062062546e-05
15,6,weighted_values,764,9.499490261077881e-07,4.5415945351123755e-07,6.153512039450956e-06
15,7,scaled_query,0,0.0,0.0,0.0
15,7,scaled_key_transpose,0,0.0,0.0,0.0
15,7,scores,41,6.103515625e-05,5.767822265625002e-05,5.960236414931309e-08
15,7,probabilities,106,1.1533498764038086e-05,4.7837197780609135e-06,8.92744174606807e-06
15,7,weighted_values,841,7.012858986854553e-07,3.509951056912534e-07,4.4488025561363825e-06
15,8,scaled_query,0,0.0,0.0,0.0
15,8,scaled_key_transpose,0,0.0,0.0,0.0
15,8,scores,49,6.103515625e-05,6.103515625e-05,6.162747987660415e-08
15,8,probabilities,119,7.927417755126953e-06,6.8694353103637695e-06,8.999005765298381e-06
15,8,weighted_values,824,6.649643182754517e-07,3.8240104913711497e-07,6.202858169573729e-06
15,9,scaled_query,0,0.0,0.0,0.0
15,9,scaled_key_transpose,0,0.0,0.0,0.0
15,9,scores,57,6.103515625e-05,3.0517578125e-05,5.7341969844074266e-08
15,9,probabilities,137,8.165836334228516e-06,5.277395248413052e-06,7.136062719513124e-06
15,9,weighted_values,841,6.854534149169922e-07,3.1553208827972344e-07,4.893288735485814e-06
15,10,scaled_query,0,0.0,0.0,0.0
15,10,scaled_key_transpose,0,0.0,0.0,0.0
15,10,scores,51,6.103515625e-05,6.103515625e-05,5.5788386805987425e-08
15,10,probabilities,143,8.64267349243164e-06,6.0498714447021484e-06,8.449361013149772e-06
15,10,weighted_values,851,8.046627044677734e-07,3.5506673157215097e-07,5.928008586850108e-06
15,11,scaled_query,0,0.0,0.0,0.0
15,11,scaled_key_transpose,0,0.0,0.0,0.0
15,11,scores,54,6.103515625e-05,6.103515625e-05,5.293786714949203e-08
15,11,probabilities,159,7.867813110351562e-06,3.6799162626266596e-06,6.741689910558644e-06
15,11,weighted_values,815,6.705522537231445e-07,2.8510112315416283e-07,4.702693973590931e-06
15,12,scaled_query,0,0.0,0.0,0.0
15,12,scaled_key_transpose,0,0.0,0.0,0.0
15,12,scores,64,9.1552734375e-05,6.103515625e-05,5.953147994763998e-08
15,12,probabilities,168,7.227063179016113e-06,4.786700010299679e-06,7.71166014171122e-06
15,12,weighted_values,828,4.0605664253234863e-07,2.7588102966546993e-07,4.602459046995432e-06
15,13,scaled_query,0,0.0,0.0,0.0
15,13,scaled_key_transpose,0,0.0,0.0,0.0
15,13,scores,99,0.0001220703125,6.256103515625035e-05,8.10484031762118e-08
15,13,probabilities,186,1.0058283805847168e-05,7.857754826545733e-06,1.300531168734671e-05
15,13,weighted_values,833,9.913928806781769e-07,4.613189958035928e-07,8.045683913736661e-06
15,14,scaled_query,0,0.0,0.0,0.0
15,14,scaled_key_transpose,0,0.0,0.0,0.0
15,14,scores,74,6.103515625e-05,6.103515625e-05,6.079795405430677e-08
15,14,probabilities,189,4.880130290985107e-06,4.093945026397704e-06,7.280263433574005e-06
15,14,weighted_values,820,5.792826414108276e-07,2.4056062102317785e-07,4.9136914322940385e-06
17,0,scaled_query,0,0.0,0.0,0.0
17,0,scaled_key_transpose,0,0.0,0.0,0.0
17,0,scores,0,0.0,0.0,0.0
17,0,probabilities,0,0.0,0.0,0.0
17,0,weighted_values,0,0.0,0.0,0.0
17,1,scaled_query,0,0.0,0.0,0.0
17,1,scaled_key_transpose,0,0.0,0.0,0.0
17,1,scores,0,0.0,0.0,0.0
17,1,probabilities,0,0.0,0.0,0.0
17,1,weighted_values,0,0.0,0.0,0.0
17,2,scaled_query,0,0.0,0.0,0.0
17,2,scaled_key_transpose,0,0.0,0.0,0.0
17,2,scores,0,0.0,0.0,0.0
17,2,probabilities,15,1.1920928955078125e-07,1.1920928955078125e-07,7.256642607757369e-08
17,2,weighted_values,299,1.4901161193847656e-08,7.450580596923828e-09,8.2800396175592e-08
17,3,scaled_query,0,0.0,0.0,0.0
17,3,scaled_key_transpose,0,0.0,0.0,0.0
17,3,scores,0,0.0,0.0,0.0
17,3,probabilities,2,5.960464477539063e-08,3.501772880554212e-08,2.3829294894871306e-08
17,3,weighted_values,58,3.725290298461914e-09,3.725290298461914e-09,2.249557638281235e-08
17,4,scaled_query,0,0.0,0.0,0.0
17,4,scaled_key_transpose,0,0.0,0.0,0.0
17,4,scores,0,0.0,0.0,0.0
17,4,probabilities,19,5.960464477539063e-08,5.960464477539063e-08,5.0306196358674034e-08
17,4,weighted_values,224,1.4901161193847656e-08,3.725290298461914e-09,4.638597567337893e-08
17,5,scaled_query,0,0.0,0.0,0.0
17,5,scaled_key_transpose,0,0.0,0.0,0.0
17,5,scores,0,0.0,0.0,0.0
17,5,probabilities,35,5.960464477539063e-08,5.960464477539063e-08,6.631586549202205e-08
17,5,weighted_values,338,1.4901161193847656e-08,7.450580596923828e-09,6.823192794507914e-08
17,6,scaled_query,0,0.0,0.0,0.0
17,6,scaled_key_transpose,0,0.0,0.0,0.0
17,6,scores,51,6.103515625e-05,6.103515625e-05,6.825014772085553e-08
17,6,probabilities,93,1.2382864952087402e-05,1.0258108377456668e-05,1.2156772425849558e-05
17,6,weighted_values,823,1.1958181858062744e-06,5.113426595926284e-07,6.492745447380577e-06
17,7,scaled_query,0,0.0,0.0,0.0
17,7,scaled_key_transpose,0,0.0,0.0,0.0
17,7,scores,51,0.0001220703125,6.103515625e-05,7.103383570579625e-08
17,7,probabilities,107,1.189112663269043e-05,6.318837404251099e-06,8.472374649691849e-06
17,7,weighted_values,819,7.562339305877686e-07,3.4100376069545733e-07,4.83695856634585e-06
17,8,scaled_query,0,0.0,0.0,0.0
17,8,scaled_key_transpose,0,0.0,0.0,0.0
17,8,scores,70,6.103515625e-05,6.103515625e-05,7.761950912128562e-08
17,8,probabilities,121,6.534159183502197e-06,5.627050995826721e-06,8.840599900394441e-06
17,8,weighted_values,829,5.811452865600586e-07,3.25340079143643e-07,4.46464541551445e-06
17,9,scaled_query,0,0.0,0.0,0.0
17,9,scaled_key_transpose,0,0.0,0.0,0.0
17,9,scores,65,9.1552734375e-05,6.103515625e-05,8.583208392654693e-08
17,9,probabilities,135,1.3619661331176758e-05,1.0062232613563529e-05,1.4006540481120459e-05
17,9,weighted_values,848,7.841736078262329e-07,4.6575441956519903e-07,6.4540228257331905e-06
17,10,scaled_query,0,0.0,0.0,0.0
17,10,scaled_key_transpose,0,0.0,0.0,0.0
17,10,scores,74,0.0001220703125,0.00010589599609374997,9.100624082290433e-08
17,10,probabilities,154,1.2814998626708984e-05,5.255043506622313e-06,1.0077425027363646e-05
17,10,weighted_values,876,6.686896085739136e-07,3.1478703022003174e-07,4.936937439019861e-06
17,11,scaled_query,0,0.0,0.0,0.0
17,11,scaled_key_transpose,0,0.0,0.0,0.0
17,11,scores,84,0.0001220703125,8.117675781250076e-05,8.23326901649797e-08
17,11,probabilities,162,1.1712312698364258e-05,6.281137466430728e-06,1.0472616991346903e-05
17,11,weighted_values,823,1.4528632164001465e-06,3.8924627006053844e-07,5.473785707122813e-06
17,12,scaled_query,0,0.0,0.0,0.0
17,12,scaled_key_transpose,0,0.0,0.0,0.0
17,12,scores,100,9.1552734375e-05,6.683349609374993e-05,8.528261850466015e-08
17,12,probabilities,182,1.4722347259521484e-05,9.17032361030578e-06,1.4672767164048785e-05
17,12,weighted_values,881,1.8887221813201904e-06,4.812143743038172e-07,7.121173207035413e-06
17,13,scaled_query,0,0.0,0.0,0.0
17,13,scaled_key_transpose,0,0.0,0.0,0.0
17,13,scores,100,0.0001220703125,6.256103515625035e-05,7.917840477668231e-08
17,13,probabilities,187,1.5109777450561523e-05,9.89884138107304e-06,1.4986954178527957e-05
17,13,weighted_values,826,9.778887033462524e-07,6.396672688424582e-07,7.720022260454135e-06
17,14,scaled_query,0,0.0,0.0,0.0
17,14,scaled_key_transpose,0,0.0,0.0,0.0
17,14,scores,99,0.0001220703125,6.103515625e-05,8.154344388854709e-08
17,14,probabilities,185,1.3113021850585938e-05,5.408227443695067e-06,1.2379888747166403e-05
17,14,weighted_values,795,1.2773089110851288e-06,6.65243715047836e-07,7.263054880899571e-06
17,15,scaled_query,0,0.0,0.0,0.0
17,15,scaled_key_transpose,0,0.0,0.0,0.0
17,15,scores,102,0.000152587890625,6.103515625e-05,8.364262181036418e-08
17,15,probabilities,218,1.3515353202819824e-05,8.300542831420906e-06,1.446148108555385e-05
17,15,weighted_values,824,1.2516975402832031e-06,6.395624950528139e-07,5.916063464400972e-06
17,16,scaled_query,0,0.0,0.0,0.0
17,16,scaled_key_transpose,0,0.0,0.0,0.0
17,16,scores,127,6.103515625e-05,6.103515625e-05,7.258030463714212e-08
17,16,probabilities,235,6.496906280517578e-06,4.832595586776731e-06,1.0288604032728346e-05
17,16,weighted_values,856,9.052455425262451e-07,3.9315200410783244e-07,4.802163786648276e-06
