run,case,mode,configuration,call,start,rows,stage,comparison,max_abs,max_row_relative_l2,zero_reference_nonzero_rows,exact,kl_nats,total_variation,token,reference_token,reference_margin
explicit,length-1,full,0,0,0,1,logits,hf_same_history,0.00390625,3.787954072174128e-06,0,False,3.0575570821274984e-12,1.4470421961523314e-09,72030,72030,1.4375
explicit,length-1,scheduled,0,0,0,1,logits,hf_same_history,0.00390625,3.787954072174128e-06,0,False,3.0575570821274984e-12,1.4470421961523314e-09,72030,72030,1.4375
explicit,length-1,scheduled,0,0,0,1,logits,native_full,0.0,0.0,0,True,0.0,0.0,72030,72030,1.4375
explicit,length-15,full,0,0,0,15,logits,hf_same_history,0.28125,0.020404920932381717,0,False,0.001545131596899796,0.022438689048279906,13416,13416,0.625
explicit,length-15,scheduled,0,0,0,1,logits,hf_same_history,0.001953125,1.738972561181982e-06,0,False,1.7763649678810498e-13,1.8844892432035837e-10,72030,72030,2.9375
explicit,length-15,scheduled,0,1,1,1,logits,hf_same_history,0.171875,0.012187672922362251,0,False,0.0006870526495763257,0.012864749680864311,111461,111461,0.625
explicit,length-15,scheduled,0,2,2,1,logits,hf_same_history,0.28125,0.01792002177754354,0,False,0.0007753458386917625,0.015101450089178365,2296,2296,3.25
explicit,length-15,scheduled,0,3,3,1,logits,hf_same_history,0.1875,0.012738105242815757,0,False,0.0016841984572132165,0.025170864072710117,98380,98380,1.3125
explicit,length-15,scheduled,0,4,4,1,logits,hf_same_history,0.1875,0.015425437358076107,0,False,0.0012649735328945672,0.020957464688374818,220,220,0.375
explicit,length-15,scheduled,0,5,5,1,logits,hf_same_history,0.25,0.02229176798977483,0,False,0.0006723092497517244,0.007712033813524345,627,627,4.5
explicit,length-15,scheduled,0,6,6,1,logits,hf_same_history,0.21875,0.021280095387979613,0,False,0.0007864504024430721,0.015726549985678014,368,368,0.125
explicit,length-15,scheduled,0,7,7,1,logits,hf_same_history,0.34375,0.031033289750928228,0,False,0.0017344475186856466,0.024009790800530024,271,271,0.4375
explicit,length-15,scheduled,0,8,8,1,logits,hf_same_history,0.205078125,0.02876986324366023,0,False,0.0021735228664390943,0.026753260823968963,271,271,1.3125
explicit,length-15,scheduled,0,9,9,1,logits,hf_same_history,0.203125,0.013946241816937557,0,False,0.0009812390581473533,0.0184926266823292,51784,51784,0.3125
explicit,length-15,scheduled,0,10,10,1,logits,hf_same_history,0.21875,0.023814114308706297,0,False,0.0009915499323270142,0.016962703916338737,271,271,1.6875
explicit,length-15,scheduled,0,11,11,1,logits,hf_same_history,0.25,0.019908298613375685,0,False,0.0021897277338591217,0.027145946291226564,6297,6297,0.625
explicit,length-15,scheduled,0,12,12,1,logits,hf_same_history,0.21875,0.022188368817390388,0,False,0.0007315492657903526,0.01473922482301901,271,271,1.9375
explicit,length-15,scheduled,0,13,13,1,logits,hf_same_history,0.1640625,0.021833841912250844,0,False,0.0006108676427332993,0.013517597648844287,271,271,1.5
explicit,length-15,scheduled,0,14,14,1,logits,hf_same_history,0.375,0.025988798714273693,0,False,0.0035021061961731433,0.033605852358192974,13416,13416,0.4375
explicit,length-15,scheduled,0,14,14,1,logits,native_full,0.2734375,0.02220319079423204,0,False,0.001248662295819733,0.020095149498792177,13416,13416,0.625
explicit,length-16,full,0,0,0,16,logits,hf_same_history,0.21875,0.02718582773524629,0,False,0.001317107292627991,0.020633298567175672,27877,27877,0.8125
explicit,length-16,scheduled,0,0,0,1,logits,hf_same_history,0.15625,0.010526898962361015,0,False,0.0007107510799938994,0.015252843061879344,2038,2038,0.9375
explicit,length-16,scheduled,0,1,1,1,logits,hf_same_history,0.21875,0.020636366639053966,0,False,0.0011699326452560591,0.018451509032858117,24,24,0.25
explicit,length-16,scheduled,0,2,2,1,logits,hf_same_history,0.1875,0.005780501343921665,0,False,0.0004768891162554411,0.010700949887796574,27877,27877,0.0625
explicit,length-16,scheduled,0,3,3,1,logits,hf_same_history,0.328125,0.019232288894604946,0,False,0.0012868174447172621,0.021270864457119894,522,522,1.6875
explicit,length-16,scheduled,0,4,4,1,logits,hf_same_history,0.25,0.023654252491474993,0,False,0.0014331482128970602,0.02078133774035601,522,522,0.875
explicit,length-16,scheduled,0,5,5,1,logits,hf_same_history,0.2109375,0.01966726206013107,0,False,0.001250917736039272,0.02030189552039234,522,522,1.875
explicit,length-16,scheduled,0,6,6,1,logits,hf_same_history,0.25,0.021611636890160237,0,False,0.0013878311287130601,0.02049426211544653,522,522,1.3125
explicit,length-16,scheduled,0,7,7,1,logits,hf_same_history,0.3125,0.03477096663915575,0,False,0.0013891990544514412,0.019821032273706178,20074,20074,0.25
explicit,length-16,scheduled,0,8,8,1,logits,hf_same_history,0.21875,0.02912313772990346,0,False,0.000747571978043813,0.016070822637842923,522,522,1.1875
explicit,length-16,scheduled,0,9,9,1,logits,hf_same_history,0.3330078125,0.03893299639469645,0,False,0.0011798875435501184,0.014639739595749778,522,522,1.125
explicit,length-16,scheduled,0,10,10,1,logits,hf_same_history,0.234375,0.025135164737025307,0,False,0.0011902156047876996,0.01949637517755462,198,198,0.4375
explicit,length-16,scheduled,0,11,11,1,logits,hf_same_history,0.234375,0.02146477695938311,0,False,0.0008942977492011612,0.01706030290707099,315,315,1.0625
explicit,length-16,scheduled,0,12,12,1,logits,hf_same_history,0.234375,0.029796062588209018,0,False,0.0016180180913699309,0.02297359398609375,58771,58771,1.1875
explicit,length-16,scheduled,0,13,13,1,logits,hf_same_history,0.28125,0.03147475924417353,0,False,0.001362833861806158,0.020530599095748586,27877,27877,0.625
explicit,length-16,scheduled,0,14,14,1,logits,hf_same_history,0.25,0.012490565127790862,0,False,0.0010806756830730076,0.018357865170737533,11,11,0.5625
explicit,length-16,scheduled,0,15,15,1,logits,hf_same_history,0.22265625,0.028354894702628412,0,False,0.001267913408018022,0.019575578531893695,27877,27877,0.6875
explicit,length-16,scheduled,0,15,15,1,logits,native_full,0.203125,0.02527001653530615,0,False,0.0009497339508785212,0.017402832552163225,27877,27877,0.75
explicit,length-17,full,0,0,0,17,logits,hf_same_history,0.3828125,0.043730060866455214,0,False,0.0048248246430211235,0.03888619320541659,480,480,0.5
explicit,length-17,scheduled,0,0,0,1,logits,hf_same_history,0.140625,0.012978455410372547,0,False,0.0008328735116963993,0.015185317161996954,11,11,0.3125
explicit,length-17,scheduled,0,1,1,1,logits,hf_same_history,0.5,0.036479272694305676,0,False,0.005495826440012219,0.04168513859111371,110660,110660,0.0625
explicit,length-17,scheduled,0,2,2,1,logits,hf_same_history,0.3125,0.02351663420463614,0,False,0.0024720421588951746,0.028026245340306937,12051,12051,0.0625
explicit,length-17,scheduled,0,3,3,1,logits,hf_same_history,0.203125,0.011615602416446,0,False,0.0011325566328474956,0.018986430914053515,2057,2057,0.125
explicit,length-17,scheduled,0,4,4,1,logits,hf_same_history,0.265625,0.011293149553157297,0,False,0.002027594302427632,0.0243451068222549,220,220,1.375
explicit,length-17,scheduled,0,5,5,1,logits,hf_same_history,0.3125,0.015081207849773187,0,False,0.0010249986084780258,0.018930855043613443,1504,1504,0.3125
explicit,length-17,scheduled,0,6,6,1,logits,hf_same_history,0.25,0.014346305962367724,0,False,0.0006957827449650155,0.015247799946012329,11,11,0.375
explicit,length-17,scheduled,0,7,7,1,logits,hf_same_history,0.25,0.024056294375159302,0,False,0.0019256699376757926,0.025696366247625363,271,271,0.125
explicit,length-17,scheduled,0,8,8,1,logits,hf_same_history,0.25,0.021110104924449816,0,False,0.0021671832875841284,0.02810566478567254,75,75,0.5
explicit,length-17,scheduled,0,9,9,1,logits,hf_same_history,0.21875,0.019880856007438684,0,False,0.00116744695554583,0.017097431186154886,11,11,0.5
explicit,length-17,scheduled,0,10,10,1,logits,hf_same_history,0.28125,0.023809014322402854,0,False,0.0008080561454258226,0.015748258424092155,2077,2077,0.3125
explicit,length-17,scheduled,0,11,11,1,logits,hf_same_history,0.21875,0.016328713792741353,0,False,0.000874267712794815,0.01662536637878871,11,11,0.4375
explicit,length-17,scheduled,0,12,12,1,logits,hf_same_history,0.3125,0.02175828115082481,0,False,0.0023163317590424127,0.026983085685775173,1454,808,0.0
explicit,length-17,scheduled,0,13,13,1,logits,hf_same_history,0.1875,0.01942732005505297,0,False,0.0010658280057610364,0.019129034154803083,11,11,0.5
explicit,length-17,scheduled,0,14,14,1,logits,hf_same_history,0.265625,0.025624500333068182,0,False,0.0012409339011948978,0.02022685099078541,11,11,0.8125
explicit,length-17,scheduled,0,15,15,1,logits,hf_same_history,0.1953125,0.023069017137925172,0,False,0.002692255816296585,0.031736608989147264,369,369,1.75
explicit,length-17,scheduled,0,16,16,1,logits,hf_same_history,0.203125,0.02262090902740655,0,False,0.0013712545848333156,0.020342111061962112,480,480,0.375
explicit,length-17,scheduled,0,16,16,1,logits,native_full,0.459228515625,0.0540504173273758,0,False,0.00465893571498504,0.03864798731503234,480,480,0.1875
explicit,length-63,full,0,0,0,63,logits,hf_same_history,0.1875,0.01345628384567481,0,False,0.0016192877461132153,0.026147419953731293,253,253,0.625
explicit,length-63,scheduled,0,0,0,46,logits,hf_same_history,0.162109375,0.025297498547759586,0,False,0.0007857254386616441,0.0161002943452271,15767,15767,0.15625
explicit,length-63,scheduled,0,1,46,16,logits,hf_same_history,0.1875,0.021738361280419737,0,False,0.00047683948328663115,0.012476820995161375,15767,15767,0.1875
explicit,length-63,scheduled,0,2,62,1,logits,hf_same_history,0.125,0.01090504022992487,0,False,0.0011976770389504619,0.016248619016539543,253,253,0.75
explicit,length-63,scheduled,0,2,62,1,logits,native_full,0.125,0.00981023566692635,0,False,0.0016876074915570234,0.027217961393977714,253,253,0.625
explicit,length-64,full,0,0,0,64,logits,hf_same_history,0.703125,0.04962399534891404,0,False,0.006518521036048887,0.04513361616430983,351,351,0.625
explicit,length-64,scheduled,0,0,0,47,logits,hf_same_history,0.53125,0.04626209396140869,0,False,0.005163619921505654,0.03868384602676408,13,13,0.375
explicit,length-64,scheduled,0,1,47,16,logits,hf_same_history,0.71875,0.057779681654694194,0,False,0.006886141076338713,0.044215554278934914,330,330,0.125
explicit,length-64,scheduled,0,2,63,1,logits,hf_same_history,0.71875,0.05409365110039721,0,False,0.006815607925222539,0.04721535959856897,351,351,0.6875
explicit,length-64,scheduled,0,2,63,1,logits,native_full,0.21875,0.021985814670237382,0,False,0.0009873868891851483,0.018173879900221807,351,351,0.5
explicit,length-65,full,0,0,0,65,logits,hf_same_history,0.1953125,0.0312526597854921,0,False,0.0012120734262862786,0.01976992234290013,261,261,0.0625
explicit,length-65,scheduled,0,0,0,48,logits,hf_same_history,0.25,0.031479431836627436,0,False,0.0010289681118933768,0.017169085733043713,487,487,1.75
explicit,length-65,scheduled,0,1,48,16,logits,hf_same_history,0.25,0.029605392868229198,0,False,0.0020346679085428295,0.02334566360879684,517,517,1.0
explicit,length-65,scheduled,0,2,64,1,logits,hf_same_history,0.296875,0.04554688968227719,0,False,0.0014822447071503068,0.022012531280792193,261,261,0.125
explicit,length-65,scheduled,0,2,64,1,logits,native_full,0.1689453125,0.027425497640639403,0,False,0.0004312528086876518,0.01202774108350763,261,261,0.0625
explicit,length-256,full,0,0,0,256,logits,hf_same_history,0.21875,0.02468462165150814,0,False,0.001230055006365226,0.019641772331724386,16586,16586,0.5625
explicit,length-256,scheduled,0,0,0,239,logits,hf_same_history,0.173828125,0.025421417610717242,0,False,0.0006091161794395371,0.013628332201331177,287,287,2.0625
explicit,length-256,scheduled,0,1,239,16,logits,hf_same_history,0.1875,0.024906271521526246,0,False,0.0008496685328555113,0.01653560506406579,271,271,0.125
explicit,length-256,scheduled,0,2,255,1,logits,hf_same_history,0.25,0.02587350106939217,0,False,0.0012220139709421536,0.020004179905713723,16586,16586,0.5
explicit,length-256,scheduled,0,2,255,1,logits,native_full,0.21875,0.020530213345381267,0,False,0.0006116334133931577,0.01363727967813058,16586,16586,0.5
explicit,length-257,full,0,0,0,257,logits,hf_same_history,0.171875,0.026420136884661667,0,False,0.0007812387267516505,0.015422098129892831,8,8,0.3125
explicit,length-257,scheduled,0,0,0,240,logits,hf_same_history,0.21875,0.016126428275108268,0,False,0.00100194764274343,0.0176545583464236,271,271,0.65625
explicit,length-257,scheduled,0,1,240,16,logits,hf_same_history,0.1796875,0.016335742541733065,0,False,0.00075106700921262,0.014963274563376618,60,60,0.34375
explicit,length-257,scheduled,0,2,256,1,logits,hf_same_history,0.2265625,0.03753885198424685,0,False,0.001273516578600109,0.020103914622109795,8,8,0.28125
explicit,length-257,scheduled,0,2,256,1,logits,native_full,0.17578125,0.030725896255310362,0,False,0.0005788785894323683,0.01347378834318394,8,8,0.375
explicit,length-1024,full,0,0,0,1024,logits,hf_same_history,0.21875,0.027827970577612368,0,False,0.0007593244837265267,0.015331248434606409,319,319,0.34375
explicit,length-1024,scheduled,0,0,0,1007,logits,hf_same_history,0.1875,0.025200362793274388,0,False,0.0008918980165119293,0.016683393610407545,319,319,0.625
explicit,length-1024,scheduled,0,1,1007,16,logits,hf_same_history,0.125,0.016170399662609396,0,False,0.0003591320715871163,0.010599062675581944,220,220,0.375
explicit,length-1024,scheduled,0,2,1023,1,logits,hf_same_history,0.18359375,0.026068901057939887,0,False,0.0005011565222231398,0.012425478397682915,319,319,0.34375
explicit,length-1024,scheduled,0,2,1023,1,logits,native_full,0.125,0.01797578351944859,0,False,0.0004985908974297912,0.01279358048003962,319,319,0.40625
explicit,length-1025,full,0,0,0,1025,logits,hf_same_history,0.1171875,0.01669494114497244,0,False,0.00025001204413754754,0.008818158402723254,198,198,0.09375
explicit,length-1025,scheduled,0,0,0,1008,logits,hf_same_history,0.16796875,0.026376617275267453,0,False,0.00067624843069653,0.014263595019496433,13,13,0.5
explicit,length-1025,scheduled,0,1,1008,16,logits,hf_same_history,0.1640625,0.031124201529213556,0,False,0.00037599103191656336,0.010607779805396032,271,271,0.5625
explicit,length-1025,scheduled,0,2,1024,1,logits,hf_same_history,0.140625,0.017590384256550417,0,False,0.00047962784884010264,0.012342715019124584,198,198,0.125
explicit,length-1025,scheduled,0,2,1024,1,logits,native_full,0.09375,0.012144909012842079,0,False,0.0002199265590028033,0.008278803980326193,198,198,0.09375
explicit,length-4096,full,0,0,0,4096,logits,hf_same_history,0.1484375,0.015456753911642198,0,False,0.0004684791668977614,0.012170372509551738,198,198,0.625
explicit,length-4096,scheduled,0,0,0,4079,logits,hf_same_history,0.1875,0.024805036652109185,0,False,0.0005108599289536139,0.012582533909805868,13,13,0.1875
explicit,length-4096,scheduled,0,1,4079,16,logits,hf_same_history,0.1171875,0.015199309425069292,0,False,0.00021647017685481505,0.008255520204483786,198,198,1.21875
explicit,length-4096,scheduled,0,2,4095,1,logits,hf_same_history,0.109375,0.012681895355653077,0,False,0.00023743906289148405,0.008732375301867755,198,198,0.625
explicit,length-4096,scheduled,0,2,4095,1,logits,native_full,0.140625,0.016027806677920337,0,False,0.00040276884046450644,0.011302626323089352,198,198,0.625
explicit,cell-16-1024-2,full,0,0,0,1024,logits,hf_same_history,0.21875,0.027827970577612368,0,False,0.0007593244837265267,0.015331248434606409,319,319,0.34375
explicit,cell-16-1024-2,scheduled,0,0,0,1008,logits,hf_same_history,0.1640625,0.019426039813740456,0,False,0.0004772326728293096,0.012262984163162563,1,1,0.03125
explicit,cell-16-1024-2,scheduled,2,1,1008,16,logits,hf_same_history,0.2578125,0.036323133764022436,0,False,0.0009562419079720674,0.017100632528721987,319,319,0.34375
explicit,cell-16-1024-2,scheduled,2,1,1008,16,logits,native_full,0.171875,0.021466421832703,0,False,0.0005835168147140205,0.013258375218811576,319,319,0.40625
explicit,cell-16-4096-2,full,0,0,0,4096,logits,hf_same_history,0.1484375,0.015456753911642198,0,False,0.0004684791668977614,0.012170372509551738,198,198,0.625
explicit,cell-16-4096-2,scheduled,0,0,0,4080,logits,hf_same_history,0.140625,0.03149445322241516,0,False,0.0003342539106904475,0.010286944192492688,9370,9370,0.0
explicit,cell-16-4096-2,scheduled,2,1,4080,16,logits,hf_same_history,0.12890625,0.017166241373822354,0,False,0.0003245492931470159,0.010178337706461354,198,198,0.625
explicit,cell-16-4096-2,scheduled,2,1,4080,16,logits,native_full,0.140625,0.016552122612089337,0,False,0.0003750554983709941,0.011000150728142812,198,198,0.625
explicit,cell-15-256-2,full,0,0,0,256,logits,hf_same_history,0.21875,0.02468462165150814,0,False,0.001230055006365226,0.019641772331724386,16586,16586,0.5625
explicit,cell-15-256-2,scheduled,0,0,0,241,logits,hf_same_history,0.1494140625,0.014861850714382214,0,False,0.0005445712693663359,0.012746138447364636,271,271,0.09375
explicit,cell-15-256-2,scheduled,2,1,241,15,logits,hf_same_history,0.25,0.03014519709882952,0,False,0.0014507991006621835,0.021539706558437004,16586,16586,0.5625
explicit,cell-15-256-2,scheduled,2,1,241,15,logits,native_full,0.1875,0.02350527773951807,0,False,0.0008420441474845872,0.01637660520925971,16586,16586,0.5
explicit,cell-17-256-2,full,0,0,0,256,logits,hf_same_history,0.21875,0.02468462165150814,0,False,0.001230055006365226,0.019641772331724386,16586,16586,0.5625
explicit,cell-17-256-2,scheduled,0,0,0,239,logits,hf_same_history,0.173828125,0.025421417610717242,0,False,0.0006091161794395371,0.013628332201331177,287,287,2.0625
explicit,cell-17-256-2,scheduled,2,1,239,17,logits,hf_same_history,0.21875,0.0267872727317591,0,False,0.0010844161180561776,0.018470600334131997,16586,16586,0.5625
explicit,cell-17-256-2,scheduled,2,1,239,17,logits,native_full,0.25,0.027916130058508303,0,False,0.0015128752105487836,0.021992438991173164,16586,16586,0.5
explicit,cell-64-1024-3,full,0,0,0,1024,logits,hf_same_history,0.21875,0.027827970577612368,0,False,0.0007593244837265267,0.015331248434606409,319,319,0.34375
explicit,cell-64-1024-3,scheduled,0,0,0,960,logits,hf_same_history,0.234375,0.03231303534106403,0,False,0.0013350919194068962,0.020955037823124176,82,82,0.90625
explicit,cell-64-1024-3,scheduled,3,1,960,64,logits,hf_same_history,0.21875,0.033861063609093335,0,False,0.0006972391839014211,0.014889864778262225,319,319,0.34375
explicit,cell-64-1024-3,scheduled,3,1,960,64,logits,native_full,0.109375,0.015642095380909105,0,False,0.00023724503776231766,0.00864219624300313,319,319,0.40625
explicit,cell-64-4096-3,full,0,0,0,4096,logits,hf_same_history,0.1484375,0.015456753911642198,0,False,0.0004684791668977614,0.012170372509551738,198,198,0.625
explicit,cell-64-4096-3,scheduled,0,0,0,4032,logits,hf_same_history,0.2109375,0.029656565811331692,0,False,0.0007574743532618375,0.015416974682525475,2303,75542,0.03125
explicit,cell-64-4096-3,scheduled,3,1,4032,64,logits,hf_same_history,0.123046875,0.012708450191928766,0,False,0.0003046611801045065,0.009654262238350371,198,198,0.625
explicit,cell-64-4096-3,scheduled,3,1,4032,64,logits,native_full,0.1328125,0.014635218721516519,0,False,0.0003348187290100442,0.010177753179135392,198,198,0.625
explicit,cell-256-1024-3,full,0,0,0,1024,logits,hf_same_history,0.21875,0.027827970577612368,0,False,0.0007593244837265267,0.015331248434606409,319,319,0.34375
explicit,cell-256-1024-3,scheduled,0,0,0,768,logits,hf_same_history,0.21875,0.023610994964897828,0,False,0.0007795246175396734,0.015653774318964794,8,8,2.0
explicit,cell-256-1024-3,scheduled,3,1,768,256,logits,hf_same_history,0.26953125,0.03967741747754073,0,False,0.0007879956431021494,0.015535442344205416,319,319,0.34375
explicit,cell-256-1024-3,scheduled,3,1,768,256,logits,native_full,0.16015625,0.024171651789492824,0,False,0.000605115407398684,0.01375396547106981,319,319,0.40625
explicit,cell-256-4096-3,full,0,0,0,4096,logits,hf_same_history,0.1484375,0.015456753911642198,0,False,0.0004684791668977614,0.012170372509551738,198,198,0.625
explicit,cell-256-4096-3,scheduled,0,0,0,3840,logits,hf_same_history,0.140625,0.022890590526401744,0,False,0.0004351318921255485,0.011817171399336183,198,198,0.1875
explicit,cell-256-4096-3,scheduled,3,1,3840,256,logits,hf_same_history,0.1328125,0.016803496413172626,0,False,0.00048504544221687545,0.012134199912155846,198,198,0.625
explicit,cell-256-4096-3,scheduled,3,1,3840,256,logits,native_full,0.125,0.014805485859866142,0,False,0.00025722185380659343,0.008906210607757663,198,198,0.625
explicit,cell-65-4096-3,full,0,0,0,4096,logits,hf_same_history,0.1484375,0.015456753911642198,0,False,0.0004684791668977614,0.012170372509551738,198,198,0.625
explicit,cell-65-4096-3,scheduled,0,0,0,4031,logits,hf_same_history,0.1640625,0.031193912667222188,0,False,0.0004271426524378629,0.011462721787909878,24897,24897,0.125
explicit,cell-65-4096-3,scheduled,3,1,4031,65,logits,hf_same_history,0.123046875,0.012708450191928766,0,False,0.0003046611801045065,0.009654262238350371,198,198,0.625
explicit,cell-65-4096-3,scheduled,3,1,4031,65,logits,native_full,0.1328125,0.014635218721516519,0,False,0.0003348187290100442,0.010177753179135392,198,198,0.625
explicit,cell-255-4096-3,full,0,0,0,4096,logits,hf_same_history,0.1484375,0.015456753911642198,0,False,0.0004684791668977614,0.012170372509551738,198,198,0.625
explicit,cell-255-4096-3,scheduled,0,0,0,3841,logits,hf_same_history,0.12548828125,0.021873184099345657,0,False,0.00042658537084618996,0.0114794393689471,198,198,0.71875
explicit,cell-255-4096-3,scheduled,3,1,3841,255,logits,hf_same_history,0.1328125,0.015097368491362893,0,False,0.00044442317554343807,0.011673590271672047,198,198,0.625
explicit,cell-255-4096-3,scheduled,3,1,3841,255,logits,native_full,0.125,0.014532672245320113,0,False,0.00036726532690439795,0.010881870418888903,198,198,0.625
explicit,cell-16-256-2,full,0,0,0,256,logits,hf_same_history,0.21875,0.02468462165150814,0,False,0.001230055006365226,0.019641772331724386,16586,16586,0.5625
explicit,cell-16-256-2,scheduled,0,0,0,240,logits,hf_same_history,0.203125,0.02589137759763479,0,False,0.0011980907672095578,0.01824689104648184,1851,1851,0.5
explicit,cell-16-256-2,scheduled,2,1,240,16,logits,hf_same_history,0.1953125,0.022202865692329248,0,False,0.0008415670631037944,0.016302911444070055,16586,16586,0.5625
explicit,cell-16-256-2,scheduled,2,1,240,16,logits,native_full,0.171875,0.020865989422455773,0,False,0.0008237866881315205,0.016256926701650014,16586,16586,0.5
explicit,cell-16-256-21,full,0,0,0,256,logits,hf_same_history,0.21875,0.02468462165150814,0,False,0.001230055006365226,0.019641772331724386,16586,16586,0.5625
explicit,cell-16-256-21,scheduled,0,0,0,240,logits,hf_same_history,0.203125,0.02589137759763479,0,False,0.0011980907672095578,0.01824689104648184,1851,1851,0.5
explicit,cell-16-256-21,scheduled,21,1,240,16,logits,hf_same_history,0.1875,0.022839899769531467,0,False,0.000825141255020776,0.016192103769219535,16586,16586,0.5625
explicit,cell-16-256-21,scheduled,21,1,240,16,logits,native_full,0.1875,0.02138504085677205,0,False,0.0009041864752491113,0.0168102479886245,16586,16586,0.5
explicit,text-0,full,0,0,0,5,logits,hf_same_history,0.25,0.011640152441505791,0,False,0.0021562103082855104,0.029397303044212765,12095,12095,0.75
explicit,text-0,scheduled,0,0,0,1,logits,hf_same_history,7.62939453125e-06,9.6044168469503e-09,0,False,1.3300237423911995e-16,6.272225650824899e-13,2701,2701,2.125
explicit,text-0,scheduled,0,1,1,1,logits,hf_same_history,0.236328125,0.017798128343247267,0,False,0.0015740965902349185,0.02355947685392179,315,315,1.75
explicit,text-0,scheduled,0,2,2,1,logits,hf_same_history,0.3125,0.01336401819043987,0,False,0.0008409638157540725,0.013516910477893614,279,279,0.4375
explicit,text-0,scheduled,0,3,3,1,logits,hf_same_history,0.1875,0.010654913625202152,0,False,0.0015299588237113258,0.024357746929302412,374,374,1.125
explicit,text-0,scheduled,0,4,4,1,logits,hf_same_history,0.1875,0.01093729259677911,0,False,0.0026207779193180387,0.03119576491767285,12095,12095,0.75
explicit,text-0,scheduled,0,4,4,1,logits,native_full,0.3125,0.013707108131818633,0,False,0.001082833618125619,0.013372930620998326,12095,12095,0.875
explicit,text-1,full,0,0,0,10,logits,hf_same_history,0.40625,0.017673032231012693,0,False,0.00023059606455432587,0.003368688988645439,362,362,3.5
explicit,text-1,scheduled,0,0,0,1,logits,hf_same_history,0.125,0.006713169865873952,0,False,0.0004450819912035881,0.012586045795735166,1851,1851,0.1875
explicit,text-1,scheduled,0,1,1,1,logits,hf_same_history,0.271484375,0.021533772571870502,0,False,6.46537855854727e-05,0.0015128031082085496,279,279,0.625
explicit,text-1,scheduled,0,2,2,1,logits,hf_same_history,0.265625,0.015972171134483806,0,False,0.0018068036816537782,0.022529069209081237,7716,7716,2.75
explicit,text-1,scheduled,0,3,3,1,logits,hf_same_history,0.203125,0.011075822471726064,0,False,0.00014196609460250204,0.0022400141179111394,11652,11652,1.0
explicit,text-1,scheduled,0,4,4,1,logits,hf_same_history,0.359375,0.019707929951560836,0,False,0.0018138147228026565,0.026826893421794777,1128,1128,0.375
explicit,text-1,scheduled,0,5,5,1,logits,hf_same_history,0.2734375,0.017589503517042856,0,False,0.00248418300406378,0.027840643260825134,279,279,0.125
explicit,text-1,scheduled,0,6,6,1,logits,hf_same_history,0.21875,0.013927835740362531,0,False,0.0007862215978752361,0.013533535550822352,1697,1697,0.0
explicit,text-1,scheduled,0,7,7,1,logits,hf_same_history,0.274169921875,0.017478038806800152,0,False,0.00236977150732257,0.03178731909824172,4278,4278,1.0
explicit,text-1,scheduled,0,8,8,1,logits,hf_same_history,0.21875,0.017768890671081027,0,False,0.0018870310028334207,0.0301176397911065,382,382,0.125
explicit,text-1,scheduled,0,9,9,1,logits,hf_same_history,0.4375,0.02629507915786783,0,False,0.0002203839206821451,0.002990143974766582,362,362,3.375
explicit,text-1,scheduled,0,9,9,1,logits,native_full,0.4375,0.019438485721556983,0,False,0.00041076756715595423,0.0059454225682953,362,362,3.5
explicit,text-2,full,0,0,0,12,logits,hf_same_history,0.25,0.012759087196716002,0,False,0.0005895514430204387,0.011725253751907902,145314,145314,2.5
explicit,text-2,scheduled,0,0,0,1,logits,hf_same_history,0.125,0.007440680832125813,0,False,0.00041557014080963054,0.010308289531824765,3978,3978,0.3125
explicit,text-2,scheduled,0,1,1,1,logits,hf_same_history,0.40625,0.02570700827427121,0,False,0.0001963263930395787,0.0029870274044477233,650,650,0.25
explicit,text-2,scheduled,0,2,2,1,logits,hf_same_history,0.3125,0.0124652227335206,0,False,0.0021198035817775697,0.026461339033425957,98889,98889,1.1875
explicit,text-2,scheduled,0,3,3,1,logits,hf_same_history,0.1953125,0.00909644528075529,0,False,0.00047524139982632954,0.008815397537115308,98889,98889,3.125
explicit,text-2,scheduled,0,4,4,1,logits,hf_same_history,0.2578125,0.009473425042184793,0,False,0.0014182414303602515,0.02088288005150068,3016,3016,0.3125
explicit,text-2,scheduled,0,5,5,1,logits,hf_same_history,0.1875,0.007881660259838193,0,False,0.003183936362898876,0.032075524259714015,273,273,0.625
explicit,text-2,scheduled,0,6,6,1,logits,hf_same_history,0.25,0.01702078367923902,0,False,7.713895023329935e-05,0.001267446366473117,436,436,1.5
explicit,text-2,scheduled,0,7,7,1,logits,hf_same_history,0.3125,0.019852681918296367,0,False,0.00013101497929246634,0.0020625635692456358,4458,4458,4.25
explicit,text-2,scheduled,0,8,8,1,logits,hf_same_history,0.365234375,0.012772040681228473,0,False,0.001432059953748879,0.020196619881468123,271,271,0.5
explicit,text-2,scheduled,0,9,9,1,logits,hf_same_history,0.3125,0.013362784223914796,0,False,0.0014695024027562822,0.02081852149043434,356,356,0.1875
explicit,text-2,scheduled,0,10,10,1,logits,hf_same_history,0.265625,0.020548667433623245,0,False,8.96948865835821e-05,0.0014310737992903647,243,243,5.0
explicit,text-2,scheduled,0,11,11,1,logits,hf_same_history,0.28125,0.017254473018521253,0,False,0.0007165978453807249,0.010778143967442958,145314,145314,2.625
explicit,text-2,scheduled,0,11,11,1,logits,native_full,0.2890625,0.01480662994154342,0,False,0.000609920299363075,0.01110810353619377,145314,145314,2.5
generation-history,history-0,full,0,0,0,36,logits,hf_same_history,0.3125,0.011512649262466541,0,False,2.2843378000676683e-05,0.00024125050669266396,279,279,4.875
generation-history,history-0,scheduled,0,0,0,5,logits,hf_same_history,0.25,0.011640152441505791,0,False,0.0021562103082855104,0.029397303044212765,12095,12095,0.75
generation-history,history-0,scheduled,0,1,5,1,logits,hf_same_history,0.25,0.019335001794465984,0,False,0.001240572846117096,0.018931961414794155,13,13,0.75
generation-history,history-0,scheduled,0,2,6,1,logits,hf_same_history,0.15625,0.010755211453538506,0,False,0.0004078182360884771,0.010070726079716387,1084,1084,0.25
generation-history,history-0,scheduled,0,3,7,1,logits,hf_same_history,0.1875,0.012284966972662225,0,False,0.0005837339219216689,0.0072715579219905305,374,374,1.625
generation-history,history-0,scheduled,0,4,8,1,logits,hf_same_history,0.25,0.016573632315951863,0,False,0.002280179043248197,0.03238531963585981,279,279,0.5
generation-history,history-0,scheduled,0,5,9,1,logits,hf_same_history,0.234375,0.011426700569234125,0,False,0.0012454654852775248,0.014903596519697521,7772,7772,0.625
generation-history,history-0,scheduled,0,6,10,1,logits,hf_same_history,0.220703125,0.012929411157852283,0,False,0.0017893523247917123,0.022930416984681186,3283,3283,2.0
generation-history,history-0,scheduled,0,7,11,1,logits,hf_same_history,0.28125,0.020311139149665366,0,False,0.0005935699040393786,0.009406209019636076,304,304,2.125
generation-history,history-0,scheduled,0,8,12,1,logits,hf_same_history,0.208984375,0.01216504546695222,0,False,0.0013932425775726595,0.02028361339826001,4505,4505,0.125
generation-history,history-0,scheduled,0,9,13,1,logits,hf_same_history,0.21875,0.01494586292535853,0,False,0.001949003808448349,0.031082290513447984,323,323,0.625
generation-history,history-0,scheduled,0,10,14,1,logits,hf_same_history,0.21875,0.0137474365094938,0,False,0.00157719179636943,0.025881117798368904,279,279,1.75
generation-history,history-0,scheduled,0,11,15,1,logits,hf_same_history,0.25,0.013878039574392346,0,False,0.0022797908908854833,0.03219982325638586,4843,2086,0.0
generation-history,history-0,scheduled,0,12,16,1,logits,hf_same_history,0.265625,0.014501363714936542,0,False,0.0014138825106811538,0.02270224737575002,7772,7772,1.125
generation-history,history-0,scheduled,0,13,17,1,logits,hf_same_history,0.296875,0.01395980952969875,0,False,0.00017667771445391538,0.002749393568211496,3283,3283,0.125
generation-history,history-0,scheduled,0,14,18,1,logits,hf_same_history,0.41015625,0.025256386225658727,0,False,0.0001789337612276959,0.0021803745455959483,304,304,4.75
generation-history,history-0,scheduled,0,15,19,1,logits,hf_same_history,0.28125,0.013302443506300323,0,False,1.782344010910605e-06,2.5828369385729416e-05,279,279,8.5
generation-history,history-0,scheduled,0,16,20,1,logits,hf_same_history,0.34375,0.013079954221196175,0,False,5.158980720097011e-05,0.0004969903534560377,1879,1879,5.875
generation-history,history-0,scheduled,0,17,21,1,logits,hf_same_history,0.25,0.014811514464947523,0,False,0.0014279773080724436,0.01267134874481455,13,13,1.375
generation-history,history-0,scheduled,0,18,22,1,logits,hf_same_history,0.1875,0.011161863170352181,0,False,0.0019661210602828385,0.029638564379876206,1084,1084,1.0
generation-history,history-0,scheduled,0,19,23,1,logits,hf_same_history,0.1875,0.01129589506985362,0,False,0.0006761032352807033,0.010985105224478217,374,374,1.625
generation-history,history-0,scheduled,0,20,24,1,logits,hf_same_history,0.1875,0.009923969395041666,0,False,0.0011246123612183084,0.017941926459380107,7407,7407,0.75
generation-history,history-0,scheduled,0,21,25,1,logits,hf_same_history,0.21875,0.009886753982196286,0,False,0.0001560563324805052,0.002361816811516618,304,304,0.25
generation-history,history-0,scheduled,0,22,26,1,logits,hf_same_history,0.21875,0.00871850907143065,0,False,0.00010052823419561669,0.0016633036105703416,279,279,3.125
generation-history,history-0,scheduled,0,23,27,1,logits,hf_same_history,0.25,0.009093386923867793,0,False,0.0018330910377440668,0.02795895236199469,9806,9806,0.5625
generation-history,history-0,scheduled,0,24,28,1,logits,hf_same_history,0.28125,0.015353209538926039,0,False,0.0006690667439398447,0.009651055652676797,315,315,1.875
generation-history,history-0,scheduled,0,25,29,1,logits,hf_same_history,0.296875,0.012549405482490455,0,False,0.007075078387190415,0.056075129649474316,9625,9625,0.5
generation-history,history-0,scheduled,0,26,30,1,logits,hf_same_history,0.296875,0.022079990394994115,0,False,0.002618941523927291,0.033186286758900514,11,11,0.25
generation-history,history-0,scheduled,0,27,31,1,logits,hf_same_history,0.25,0.014789407826059326,0,False,0.0011650589855308174,0.01961440553673871,389,389,0.5
generation-history,history-0,scheduled,0,28,32,1,logits,hf_same_history,0.25,0.011198405962367972,0,False,1.663838998689233e-05,0.00030397341632897555,279,279,3.375
generation-history,history-0,scheduled,0,29,33,1,logits,hf_same_history,0.375,0.012015439958127127,0,False,0.0023241380073780113,0.02861123170847365,13959,13959,0.4375
generation-history,history-0,scheduled,0,30,34,1,logits,hf_same_history,0.1953125,0.012175534983200637,0,False,2.1096286753183247e-05,0.0002668925803739989,315,315,6.25
generation-history,history-0,scheduled,0,31,35,1,logits,hf_same_history,0.21875,0.00851714348587037,0,False,0.0001801838701770813,0.002212517276122955,279,279,4.8125
generation-history,history-0,scheduled,0,31,35,1,logits,native_full,0.25,0.009820790883773462,0,False,9.750667493658462e-05,0.0016068298149792236,279,279,4.875
generation-history,history-1,full,0,0,0,36,logits,hf_same_history,0.25,0.007512575191239378,0,False,1.8717596678943532e-05,0.0005266751086461192,279,279,4.9375
generation-history,history-1,scheduled,0,0,0,4,logits,hf_same_history,0.2890625,0.021641837523348594,0,False,0.0017068402883511614,0.026152621413856568,374,374,1.125
generation-history,history-1,scheduled,0,1,4,1,logits,hf_same_history,0.1875,0.010401477213268595,0,False,0.0004261631668449573,0.012051364750683052,12095,12095,0.875
generation-history,history-1,scheduled,0,2,5,1,logits,hf_same_history,0.28125,0.025778541690879262,0,False,0.0005968082098189012,0.008948334921255413,13,13,0.75
generation-history,history-1,scheduled,0,3,6,1,logits,hf_same_history,0.1875,0.01313513333936356,0,False,0.0012419230346229968,0.016939550031453462,1084,1084,0.25
generation-history,history-1,scheduled,0,4,7,1,logits,hf_same_history,0.1875,0.013945530945098296,0,False,0.0001847274837389401,0.003531249330587342,374,374,1.625
generation-history,history-1,scheduled,0,5,8,1,logits,hf_same_history,0.21875,0.012601762869813576,0,False,0.0011605093228352979,0.01971142103992911,279,279,0.625
generation-history,history-1,scheduled,0,6,9,1,logits,hf_same_history,0.1751708984375,0.009022941754295993,0,False,0.0012151110738382932,0.02080968743309383,7772,7772,0.75
generation-history,history-1,scheduled,0,7,10,1,logits,hf_same_history,0.203125,0.010370551681805885,0,False,2.067752265559431e-05,0.00044398739085284083,3283,3283,1.875
generation-history,history-1,scheduled,0,8,11,1,logits,hf_same_history,0.21875,0.013476856184409367,0,False,5.4881945564665485e-05,0.0008774031380806874,304,304,2.125
generation-history,history-1,scheduled,0,9,12,1,logits,hf_same_history,0.25,0.01621679403642321,0,False,0.0014724267026806018,0.021911311304827083,4505,4505,0.125
generation-history,history-1,scheduled,0,10,13,1,logits,hf_same_history,0.21875,0.01635001683592999,0,False,0.00019050865695639934,0.002399224864751076,323,323,0.75
generation-history,history-1,scheduled,0,11,14,1,logits,hf_same_history,0.25,0.01607085945396213,0,False,0.0011476429444798439,0.01671820657538461,279,279,1.75
generation-history,history-1,scheduled,0,12,15,1,logits,hf_same_history,0.25,0.012392872051144829,0,False,0.0013285023042752672,0.021650313144952697,2086,2086,0.0
generation-history,history-1,scheduled,0,13,16,1,logits,hf_same_history,0.25,0.0150541080277734,0,False,0.001666271302558643,0.02640459207462668,7772,7772,0.75
generation-history,history-1,scheduled,0,14,17,1,logits,hf_same_history,0.3125,0.016005500115160748,0,False,0.0018921338667606932,0.029998752842561385,3283,3283,0.375
generation-history,history-1,scheduled,0,15,18,1,logits,hf_same_history,0.353515625,0.01866522792676858,0,False,9.968254844070064e-05,0.001576043954166064,304,304,5.0
generation-history,history-1,scheduled,0,16,19,1,logits,hf_same_history,0.3125,0.015189345598833977,0,False,7.05165320350599e-05,0.0010736516293874863,279,279,5.0
generation-history,history-1,scheduled,0,17,20,1,logits,hf_same_history,0.328125,0.013850478028007686,0,False,0.0002238570451204883,0.0033580135835531164,1879,1879,3.25
generation-history,history-1,scheduled,0,18,21,1,logits,hf_same_history,0.1953125,0.014406706529818705,0,False,0.0019745265834784755,0.03127757758582686,13,13,0.875
generation-history,history-1,scheduled,0,19,22,1,logits,hf_same_history,0.25,0.01849781680151493,0,False,0.001328437674393969,0.022538471447590736,1084,1084,0.875
generation-history,history-1,scheduled,0,20,23,1,logits,hf_same_history,0.1875,0.013042090893551728,0,False,0.0016322716288494341,0.022579865576394065,374,374,1.5
generation-history,history-1,scheduled,0,21,24,1,logits,hf_same_history,0.265625,0.013450530176632858,0,False,0.0002617292301201981,0.007080192486543008,7407,7407,0.625
generation-history,history-1,scheduled,0,22,25,1,logits,hf_same_history,0.234375,0.014369965550006811,0,False,0.0019247767339712293,0.030599137105743374,304,304,0.25
generation-history,history-1,scheduled,0,23,26,1,logits,hf_same_history,0.21875,0.010233858744101277,0,False,0.0004490393506669481,0.00719551650742566,279,279,2.875
generation-history,history-1,scheduled,0,24,27,1,logits,hf_same_history,0.25,0.007761006154574249,0,False,0.0006860978920288765,0.011276183704649431,9806,9806,0.375
generation-history,history-1,scheduled,0,25,28,1,logits,hf_same_history,0.25,0.010901276382266418,0,False,0.0013232753018329272,0.017052641784811452,315,315,2.125
generation-history,history-1,scheduled,0,26,29,1,logits,hf_same_history,0.25,0.011175595672578921,0,False,0.006639873783311382,0.054155227698597264,9625,9625,0.875
generation-history,history-1,scheduled,0,27,30,1,logits,hf_same_history,0.25,0.011761186771614519,0,False,0.0019040617088137714,0.02817333637583814,11,11,0.25
generation-history,history-1,scheduled,0,28,31,1,logits,hf_same_history,0.1875,0.011419022227662967,0,False,0.0018419947261309807,0.029123625336219018,389,389,0.375
generation-history,history-1,scheduled,0,29,32,1,logits,hf_same_history,0.25,0.011083888741243159,0,False,0.00028785994503713883,0.004771635342323881,279,279,3.375
generation-history,history-1,scheduled,0,30,33,1,logits,hf_same_history,0.25,0.010080778480703783,0,False,0.001271690054934444,0.021323216065077533,13959,13959,0.4375
generation-history,history-1,scheduled,0,31,34,1,logits,hf_same_history,0.21875,0.010734849852839077,0,False,7.309343738550051e-06,0.00014443248972267436,315,315,5.875
generation-history,history-1,scheduled,0,32,35,1,logits,hf_same_history,0.25,0.009181656894887823,0,False,0.00011187000746775506,0.001780642656605751,279,279,4.875
generation-history,history-1,scheduled,0,32,35,1,logits,native_full,0.25,0.008595151798090077,0,False,6.755161637527858e-05,0.0011440463122724994,279,279,4.875
generation-history,history-2,full,0,0,0,41,logits,hf_same_history,0.3125,0.0127608068658361,0,False,0.0008360453226741397,0.008853438906270944,311,311,1.125
generation-history,history-2,scheduled,0,0,0,10,logits,hf_same_history,0.40625,0.017673032231012693,0,False,0.00023059606455432587,0.003368688988645439,362,362,3.5
generation-history,history-2,scheduled,0,1,10,1,logits,hf_same_history,0.25,0.008653825497670766,0,False,4.063614296674927e-05,0.0006577954089678524,34986,34986,5.375
generation-history,history-2,scheduled,0,2,11,1,logits,hf_same_history,0.25,0.011481667987227466,0,False,0.0008779791317047425,0.014242873339598224,374,374,0.25
generation-history,history-2,scheduled,0,3,12,1,logits,hf_same_history,0.26171875,0.010593591362793505,0,False,0.002365284945566622,0.020096927582425587,264,264,2.375
generation-history,history-2,scheduled,0,4,13,1,logits,hf_same_history,0.21875,0.007416049726037347,0,False,0.0002756600805228297,0.0045837174294250955,1378,1378,1.875
generation-history,history-2,scheduled,0,5,14,1,logits,hf_same_history,0.28125,0.012292160998629164,0,False,0.00022528158365547326,0.0035008125958180267,2630,2630,3.625
generation-history,history-2,scheduled,0,6,15,1,logits,hf_same_history,0.25,0.012957271509778262,0,False,8.911957755322946e-07,1.4884145047604356e-05,383,383,10.375
generation-history,history-2,scheduled,0,7,16,1,logits,hf_same_history,0.3046875,0.015864928305437447,0,False,3.1777399011514517e-07,5.812382658577259e-06,40089,40089,6.375
generation-history,history-2,scheduled,0,8,17,1,logits,hf_same_history,0.25,0.009544402645829378,0,False,0.0010298320866014006,0.01439517694434872,7310,7310,0.875
generation-history,history-2,scheduled,0,9,18,1,logits,hf_same_history,0.25,0.009538977256572477,0,False,0.0016085582945303606,0.02505326527784071,429,429,0.75
generation-history,history-2,scheduled,0,10,19,1,logits,hf_same_history,0.19140625,0.009606310324267026,0,False,0.0008764860796785276,0.012356010715105135,5711,5711,0.125
generation-history,history-2,scheduled,0,11,20,1,logits,hf_same_history,0.1875,0.00810067042386637,0,False,0.0035973255523881493,0.03551491612485686,1378,1378,0.25
generation-history,history-2,scheduled,0,12,21,1,logits,hf_same_history,0.25,0.008631280447337618,0,False,0.001415854914371727,0.021079616738814422,22696,22696,0.25
generation-history,history-2,scheduled,0,13,22,1,logits,hf_same_history,0.28125,0.010759553573986239,0,False,0.0021334512016043757,0.031691136623164105,12392,12392,0.375
generation-history,history-2,scheduled,0,14,23,1,logits,hf_same_history,0.25,0.01220600473787827,0,False,0.0002447244533477153,0.0040278921923666946,311,311,2.5
generation-history,history-2,scheduled,0,15,24,1,logits,hf_same_history,0.25,0.00936333075778727,0,False,0.0004955292106626367,0.008797951303398334,264,264,3.9375
generation-history,history-2,scheduled,0,16,25,1,logits,hf_same_history,0.21875,0.007801618597064909,0,False,0.0015358410752366067,0.024931271589376063,4034,4034,1.3125
generation-history,history-2,scheduled,0,17,26,1,logits,hf_same_history,0.27734375,0.01175954237850657,0,False,0.0005988537807799898,0.009206745892208804,311,311,0.125
generation-history,history-2,scheduled,0,18,27,1,logits,hf_same_history,0.25,0.009820917974376127,0,False,0.0019502984152457888,0.02981050911427728,3271,3271,1.0
generation-history,history-2,scheduled,0,19,28,1,logits,hf_same_history,0.248046875,0.009555297789909364,0,False,0.0010715776297339431,0.018076953035084442,4637,4637,1.875
generation-history,history-2,scheduled,0,20,29,1,logits,hf_same_history,0.25,0.011477519545282536,0,False,8.204463168021938e-05,0.0011233249764429876,389,389,0.5
generation-history,history-2,scheduled,0,21,30,1,logits,hf_same_history,0.1875,0.00940379755651423,0,False,0.00017871138213748124,0.0038776655517669574,264,264,0.875
generation-history,history-2,scheduled,0,22,31,1,logits,hf_same_history,0.25,0.010759463290433927,0,False,0.0008808596251120548,0.01796645800495854,10063,10063,0.25
generation-history,history-2,scheduled,0,23,32,1,logits,hf_same_history,0.25,0.007770069971437997,0,False,0.0014851374578516725,0.023530780029205126,7329,7329,1.25
generation-history,history-2,scheduled,0,24,33,1,logits,hf_same_history,0.2578125,0.01215522274512108,0,False,0.0010090693776993493,0.015931674285868308,13,13,1.5
generation-history,history-2,scheduled,0,25,34,1,logits,hf_same_history,0.34375,0.016211937528823696,0,False,0.0009716914967298049,0.011116327879960048,576,576,0.625
generation-history,history-2,scheduled,0,26,35,1,logits,hf_same_history,0.234375,0.010329704824586717,0,False,0.0015191624162871659,0.023881995155077877,37126,37126,0.875
generation-history,history-2,scheduled,0,27,36,1,logits,hf_same_history,0.1875,0.008957349555135503,0,False,0.000573888869620549,0.010998657349563866,86406,86406,1.125
generation-history,history-2,scheduled,0,28,37,1,logits,hf_same_history,0.25,0.008696045800182302,0,False,0.00030937824323029524,0.006532658800255644,279,279,1.625
generation-history,history-2,scheduled,0,29,38,1,logits,hf_same_history,0.21875,0.008082340424617371,0,False,0.0018002474944424918,0.02462378610997938,3705,3705,0.125
generation-history,history-2,scheduled,0,30,39,1,logits,hf_same_history,0.25,0.010410713943556341,0,False,5.820441935599779e-07,1.0698452009928601e-05,24950,24950,3.75
generation-history,history-2,scheduled,0,31,40,1,logits,hf_same_history,0.2578125,0.011505686215356541,0,False,0.0006987656479224871,0.011113259024440478,311,311,1.125
generation-history,history-2,scheduled,0,31,40,1,logits,native_full,0.2578125,0.013953892713113694,0,False,0.0002543024862817857,0.003584408908747184,311,311,1.125
generation-history,history-3,full,0,0,0,41,logits,hf_same_history,0.3125,0.0127608068658361,0,False,0.0008360453226741397,0.008853438906270944,311,311,1.125
generation-history,history-3,scheduled,0,0,0,4,logits,hf_same_history,0.296875,0.013643699079457595,0,False,0.0008723219639950562,0.014100243036224848,11652,11652,1.0
generation-history,history-3,scheduled,0,1,4,4,logits,hf_same_history,0.21875,0.016235673983714963,0,False,0.0016407524142652643,0.026100754180271888,4278,4278,1.0
generation-history,history-3,scheduled,0,2,8,2,logits,hf_same_history,0.484375,0.020540661302258522,0,False,0.00013439915610494868,0.00209803118487165,362,362,3.5
generation-history,history-3,scheduled,0,3,10,1,logits,hf_same_history,0.25,0.00930437614906868,0,False,0.00020134300098151528,0.0016975402006632742,34986,34986,5.25
generation-history,history-3,scheduled,0,4,11,1,logits,hf_same_history,0.3125,0.01474956003888081,0,False,0.0018952235975219574,0.02982132588642838,374,374,0.125
generation-history,history-3,scheduled,0,5,12,1,logits,hf_same_history,0.3125,0.01348489403583085,0,False,0.0006126456726230133,0.00973129073962362,264,264,2.5
generation-history,history-3,scheduled,0,6,13,1,logits,hf_same_history,0.28125,0.009068802195847919,0,False,0.0011582296578748548,0.019293511002121677,1378,1378,1.875
generation-history,history-3,scheduled,0,7,14,1,logits,hf_same_history,0.1875,0.009498681129933774,0,False,0.00032048332295189357,0.004896793047542919,2630,2630,3.875
generation-history,history-3,scheduled,0,8,15,1,logits,hf_same_history,0.25,0.013316117862904615,0,False,7.26282114524459e-07,1.2891404174794807e-05,383,383,10.125
generation-history,history-3,scheduled,0,9,16,1,logits,hf_same_history,0.3671875,0.02070114047227807,0,False,1.979011502639598e-07,3.34966444465645e-06,40089,40089,6.375
generation-history,history-3,scheduled,0,10,17,1,logits,hf_same_history,0.25,0.008851343993606407,0,False,0.0005613110968899984,0.007749168075247824,7310,7310,0.875
generation-history,history-3,scheduled,0,11,18,1,logits,hf_same_history,0.25,0.010014120501759514,0,False,0.000746296366326938,0.011631780419198212,429,429,0.875
generation-history,history-3,scheduled,0,12,19,1,logits,hf_same_history,0.1875,0.009990091423683229,0,False,0.0017003564170781234,0.02630968543130419,5711,5711,0.125
generation-history,history-3,scheduled,0,13,20,1,logits,hf_same_history,0.1875,0.00817329929195677,0,False,0.0025862910698051054,0.03356120616016192,1378,1378,0.25
generation-history,history-3,scheduled,0,14,21,1,logits,hf_same_history,0.265625,0.010513079203208278,0,False,0.0007354985393759374,0.01699767079114385,22696,22696,0.25
generation-history,history-3,scheduled,0,15,22,1,logits,hf_same_history,0.375,0.01473862383235785,0,False,0.0011213725776285282,0.017539341050912805,12392,12392,0.5
generation-history,history-3,scheduled,0,16,23,1,logits,hf_same_history,0.25,0.01116410298568984,0,False,2.7948522176389914e-05,0.0004418321976287044,311,311,2.5
generation-history,history-3,scheduled,0,17,24,1,logits,hf_same_history,0.25,0.00985627299051086,0,False,0.0005289754486886778,0.008593229017655954,264,264,3.875
generation-history,history-3,scheduled,0,18,25,1,logits,hf_same_history,0.3125,0.00966991372018134,0,False,0.000708410432262141,0.015409943219134034,4034,4034,1.25
generation-history,history-3,scheduled,0,19,26,1,logits,hf_same_history,0.28125,0.012186274614477067,0,False,0.001774800806466867,0.026211709720434403,311,311,0.125
generation-history,history-3,scheduled,0,20,27,1,logits,hf_same_history,0.25,0.010973176513296108,0,False,0.0037481841814473588,0.03771764464935576,3271,3271,1.0
generation-history,history-3,scheduled,0,21,28,1,logits,hf_same_history,0.25,0.010252293197349922,0,False,0.00036743547185823775,0.007090959061062988,4637,4637,2.0
generation-history,history-3,scheduled,0,22,29,1,logits,hf_same_history,0.29296875,0.014935344687372622,0,False,0.0019421240200512867,0.03097596289855789,389,389,0.375
generation-history,history-3,scheduled,0,23,30,1,logits,hf_same_history,0.203125,0.009031523461458869,0,False,0.0016259521101675421,0.024978486824422216,264,264,0.75
generation-history,history-3,scheduled,0,24,31,1,logits,hf_same_history,0.28125,0.011675307529664329,0,False,0.000603104026326774,0.015829434402473818,10063,10063,0.1875
generation-history,history-3,scheduled,0,25,32,1,logits,hf_same_history,0.25,0.008510542015619713,0,False,0.0003438797137761424,0.005603403521186891,7329,7329,1.375
generation-history,history-3,scheduled,0,26,33,1,logits,hf_same_history,0.3125,0.017841960690016322,0,False,0.0012572135902730603,0.019873577588224327,13,13,1.5
generation-history,history-3,scheduled,0,27,34,1,logits,hf_same_history,0.28125,0.017173658434428123,0,False,0.0023518368522660905,0.030495338004818132,576,576,0.75
generation-history,history-3,scheduled,0,28,35,1,logits,hf_same_history,0.3125,0.01389833727784788,0,False,0.00236202319038813,0.021052611524273346,37126,37126,0.875
generation-history,history-3,scheduled,0,29,36,1,logits,hf_same_history,0.1875,0.008792018546077909,0,False,0.0022894721185765868,0.029162292390602175,86406,86406,1.125
generation-history,history-3,scheduled,0,30,37,1,logits,hf_same_history,0.28125,0.009583994236451154,0,False,0.0007460667819110922,0.009619056332886367,279,279,1.625
generation-history,history-3,scheduled,0,31,38,1,logits,hf_same_history,0.1875,0.007824713476758307,0,False,0.0017686885006976613,0.02309616013823794,3705,3705,0.125
generation-history,history-3,scheduled,0,32,39,1,logits,hf_same_history,0.28125,0.012371148850800033,0,False,1.094271215758774e-06,1.5093422922608151e-05,24950,24950,3.75
generation-history,history-3,scheduled,0,33,40,1,logits,hf_same_history,0.34375,0.013641572202383219,0,False,0.00017868211202379713,0.0023267163118700276,311,311,1.125
generation-history,history-3,scheduled,0,33,40,1,logits,native_full,0.2578125,0.013953892713113694,0,False,0.0002543024862817857,0.003584408908747184,311,311,1.125
generation-history,history-4,full,0,0,0,43,logits,hf_same_history,0.25,0.02105459262945417,0,False,0.00027908077831982495,0.004316190462628798,145314,145314,4.25
generation-history,history-4,scheduled,0,0,0,12,logits,hf_same_history,0.25,0.012759087196716002,0,False,0.0005895514430204387,0.011725253751907902,145314,145314,2.5
generation-history,history-4,scheduled,0,1,12,1,logits,hf_same_history,0.33203125,0.014844519701211867,0,False,0.0006908988442991292,0.006703775684746986,145314,145314,3.3125
generation-history,history-4,scheduled,0,2,13,1,logits,hf_same_history,0.328125,0.015435543753458906,0,False,0.00243517648945683,0.030522369771508157,145314,145314,0.8125
generation-history,history-4,scheduled,0,3,14,1,logits,hf_same_history,0.28125,0.01474609180739934,0,False,0.0010929949800325238,0.014736334862701761,145314,145314,3.1875
generation-history,history-4,scheduled,0,4,15,1,logits,hf_same_history,0.2578125,0.013587265159983241,0,False,0.00025960918102808147,0.0038798259285059986,145314,145314,4.75
generation-history,history-4,scheduled,0,5,16,1,logits,hf_same_history,0.203125,0.013968199026313043,0,False,6.334873882313252e-05,0.001253387205939503,145314,145314,4.75
generation-history,history-4,scheduled,0,6,17,1,logits,hf_same_history,0.28515625,0.02006280473089671,0,False,0.0011189844103298603,0.006966572983536972,145314,145314,4.625
generation-history,history-4,scheduled,0,7,18,1,logits,hf_same_history,0.28125,0.016101704989759213,0,False,2.0927427380708363e-05,0.00042402609360262384,145314,145314,5.0
generation-history,history-4,scheduled,0,8,19,1,logits,hf_same_history,0.2109375,0.01459534127999292,0,False,2.9693565070113112e-05,0.0006570602907566644,145314,145314,5.1875
generation-history,history-4,scheduled,0,9,20,1,logits,hf_same_history,0.21875,0.014818394606798329,0,False,4.813003542038783e-05,0.0005514913824327079,145314,145314,5.125
generation-history,history-4,scheduled,0,10,21,1,logits,hf_same_history,0.34375,0.029915206857629675,0,False,7.33202422717107e-05,0.000999158540051151,145314,145314,5.3125
generation-history,history-4,scheduled,0,11,22,1,logits,hf_same_history,0.265625,0.018036269052367108,0,False,2.923748932333125e-05,0.00044738628651074615,145314,145314,5.375
generation-history,history-4,scheduled,0,12,23,1,logits,hf_same_history,0.296875,0.020924517613941797,0,False,3.981502562702731e-05,0.0008354332911781574,145314,145314,5.6875
generation-history,history-4,scheduled,0,13,24,1,logits,hf_same_history,0.30078125,0.022861418376586097,0,False,0.0005117460420037555,0.0038847150619783725,145314,145314,5.375
generation-history,history-4,scheduled,0,14,25,1,logits,hf_same_history,0.296875,0.02931256158785921,0,False,2.9204477449979306e-05,0.000582869234258304,145314,145314,4.875
generation-history,history-4,scheduled,0,15,26,1,logits,hf_same_history,0.234375,0.017339745713182555,0,False,0.0002741883201849305,0.0033247411234888936,145314,145314,4.5625
generation-history,history-4,scheduled,0,16,27,1,logits,hf_same_history,0.267333984375,0.02233868557666579,0,False,6.230084602728929e-05,0.0008642698565530242,145314,145314,4.625
generation-history,history-4,scheduled,0,17,28,1,logits,hf_same_history,0.234375,0.01835088666739241,0,False,4.58377991358074e-05,0.0011598028962294424,145314,145314,4.875
generation-history,history-4,scheduled,0,18,29,1,logits,hf_same_history,0.3125,0.023964668612934625,0,False,0.00017173814180829802,0.0026262101925158612,145314,145314,4.5
generation-history,history-4,scheduled,0,19,30,1,logits,hf_same_history,0.25,0.017991509303421627,0,False,0.00043535437026028445,0.00502902444115034,145314,145314,4.3125
generation-history,history-4,scheduled,0,20,31,1,logits,hf_same_history,0.2265625,0.01609801469815297,0,False,3.571352170253313e-05,0.0005698893789602828,145314,145314,4.6875
generation-history,history-4,scheduled,0,21,32,1,logits,hf_same_history,0.287109375,0.02169670129166991,0,False,4.6400355357216136e-05,0.0008765399408709191,145314,145314,5.1875
generation-history,history-4,scheduled,0,22,33,1,logits,hf_same_history,0.2578125,0.02209257736857752,0,False,0.00017677477687729252,0.0017847285898836725,145314,145314,5.3125
generation-history,history-4,scheduled,0,23,34,1,logits,hf_same_history,0.2421875,0.01630904585816097,0,False,1.8965263255217314e-05,0.00024397037304302563,145314,145314,5.25
generation-history,history-4,scheduled,0,24,35,1,logits,hf_same_history,0.25,0.01907844615756064,0,False,1.974638242025678e-05,0.00027855914106545364,145314,145314,5.25
generation-history,history-4,scheduled,0,25,36,1,logits,hf_same_history,0.25,0.020630501550639557,0,False,1.7616330620046408e-05,0.00023689129482522275,145314,145314,5.25
generation-history,history-4,scheduled,0,26,37,1,logits,hf_same_history,0.265625,0.021512590499838558,0,False,0.00011072453151787526,0.0016846634877566713,145314,145314,5.25
generation-history,history-4,scheduled,0,27,38,1,logits,hf_same_history,0.3125,0.02482000941399704,0,False,7.277944255701927e-05,0.001078717401273162,145314,145314,5.125
generation-history,history-4,scheduled,0,28,39,1,logits,hf_same_history,0.27734375,0.02019363372113802,0,False,0.00014078019284319027,0.002143240986220077,145314,145314,4.9375
generation-history,history-4,scheduled,0,29,40,1,logits,hf_same_history,0.21875,0.016111730659593537,0,False,0.0003556262198833411,0.004111404473618189,145314,145314,4.5625
generation-history,history-4,scheduled,0,30,41,1,logits,hf_same_history,0.234375,0.017425720534301508,0,False,0.00027356020250767984,0.004106451370173138,145314,145314,4.375
generation-history,history-4,scheduled,0,31,42,1,logits,hf_same_history,0.328125,0.021336747942946963,0,False,0.00038278018141667865,0.004932869106560991,145314,145314,4.25
generation-history,history-4,scheduled,0,31,42,1,logits,native_full,0.3125,0.024409587096995103,0,False,9.73706528413636e-05,0.001741824485581215,145314,145314,4.375
generation-history,history-5,full,0,0,0,43,logits,hf_same_history,0.25,0.02105459262945417,0,False,0.00027908077831982495,0.004316190462628798,145314,145314,4.25
generation-history,history-5,scheduled,0,0,0,4,logits,hf_same_history,0.1875,0.008111587488775397,0,False,0.00026085735110585465,0.004558511127287526,98889,98889,3.125
generation-history,history-5,scheduled,0,1,4,4,logits,hf_same_history,0.3125,0.020788033565860148,0,False,0.0001210984454779588,0.0019030484326449158,4458,4458,4.125
generation-history,history-5,scheduled,0,2,8,4,logits,hf_same_history,0.265625,0.01401207890860952,0,False,0.0010188747730415434,0.011190012358505681,145314,145314,2.4375
generation-history,history-5,scheduled,0,3,12,1,logits,hf_same_history,0.28125,0.014493364385637258,0,False,0.0008185251243288272,0.009880690181597701,145314,145314,3.375
generation-history,history-5,scheduled,0,4,13,1,logits,hf_same_history,0.28125,0.01498253760703358,0,False,0.0037845102603191773,0.03899898771651765,145314,145314,0.875
generation-history,history-5,scheduled,0,5,14,1,logits,hf_same_history,0.40625,0.023530281850137034,0,False,0.0020478715120921046,0.019388403176592923,145314,145314,3.1875
generation-history,history-5,scheduled,0,6,15,1,logits,hf_same_history,0.265625,0.0161070082235566,0,False,0.00018369989753987776,0.003080081331913614,145314,145314,4.75
generation-history,history-5,scheduled,0,7,16,1,logits,hf_same_history,0.25,0.017320286685304224,0,False,6.48793548671205e-05,0.0007111135442029732,145314,145314,4.8125
generation-history,history-5,scheduled,0,8,17,1,logits,hf_same_history,0.21875,0.013635749051815554,0,False,2.602188121567385e-05,0.0003890302656490745,145314,145314,5.0
generation-history,history-5,scheduled,0,9,18,1,logits,hf_same_history,0.2578125,0.01841761823491425,0,False,2.879427714795138e-05,0.0005166507203372387,145314,145314,5.0
generation-history,history-5,scheduled,0,10,19,1,logits,hf_same_history,0.359375,0.02323490895805543,0,False,7.785851704478826e-05,0.0011776754296670686,145314,145314,5.125
generation-history,history-5,scheduled,0,11,20,1,logits,hf_same_history,0.28125,0.01951541181583668,0,False,9.873646156595612e-05,0.0016814154199419084,145314,145314,5.1875
generation-history,history-5,scheduled,0,12,21,1,logits,hf_same_history,0.25,0.01869117165091446,0,False,3.7135949899768316e-05,0.0008111414726884479,145314,145314,5.25
generation-history,history-5,scheduled,0,13,22,1,logits,hf_same_history,0.3125,0.02523272849578212,0,False,9.058783199409704e-05,0.0014845435854672745,145314,145314,5.5
generation-history,history-5,scheduled,0,14,23,1,logits,hf_same_history,0.2578125,0.019095935376725007,0,False,0.00019971059049190415,0.00208015825674424,145314,145314,5.5
generation-history,history-5,scheduled,0,15,24,1,logits,hf_same_history,0.234375,0.015861302100767843,0,False,0.00018841689450007845,0.0022903341258924408,145314,145314,5.5
generation-history,history-5,scheduled,0,16,25,1,logits,hf_same_history,0.28125,0.025343378953996246,0,False,6.172376028388947e-05,0.0009067288335797252,145314,145314,4.8125
generation-history,history-5,scheduled,0,17,26,1,logits,hf_same_history,0.28125,0.01849823204854766,0,False,0.0003471954962540676,0.003953989211772766,145314,145314,4.5625
generation-history,history-5,scheduled,0,18,27,1,logits,hf_same_history,0.21875,0.017530476574879113,0,False,0.00022258606265008985,0.003115503391923848,145314,145314,4.8125
generation-history,history-5,scheduled,0,19,28,1,logits,hf_same_history,0.28125,0.020062822558563065,0,False,6.832115204465612e-05,0.0008417382824280075,145314,145314,4.75
generation-history,history-5,scheduled,0,20,29,1,logits,hf_same_history,0.37451171875,0.02715561354859298,0,False,0.00010384468136007217,0.0018085428440960058,145314,145314,4.5625
generation-history,history-5,scheduled,0,21,30,1,logits,hf_same_history,0.28125,0.018606637568314453,0,False,6.965231817738799e-05,0.0015510917677118154,145314,145314,4.4375
generation-history,history-5,scheduled,0,22,31,1,logits,hf_same_history,0.265625,0.023326795789748823,0,False,5.6245246085838353e-05,0.0010377742918484874,145314,145314,4.6875
generation-history,history-5,scheduled,0,23,32,1,logits,hf_same_history,0.28125,0.01964369314543634,0,False,8.894987070452612e-05,0.0014652161976374555,145314,145314,5.0625
generation-history,history-5,scheduled,0,24,33,1,logits,hf_same_history,0.296875,0.023572222245781843,0,False,0.00017445065070864152,0.0018044275702868329,145314,145314,5.3125
generation-history,history-5,scheduled,0,25,34,1,logits,hf_same_history,0.283203125,0.021823111208214244,0,False,3.483828880250308e-05,0.0004443400866310192,145314,145314,5.3125
generation-history,history-5,scheduled,0,26,35,1,logits,hf_same_history,0.2421875,0.017297039294063413,0,False,1.9259535321653935e-05,0.00033262909660588895,145314,145314,5.25
generation-history,history-5,scheduled,0,27,36,1,logits,hf_same_history,0.3125,0.026184636575249522,0,False,7.222534991043421e-05,0.0006928747930842068,145314,145314,5.375
generation-history,history-5,scheduled,0,28,37,1,logits,hf_same_history,0.2734375,0.019152686978217467,0,False,3.089386628799353e-05,0.00047687362328746336,145314,145314,5.375
generation-history,history-5,scheduled,0,29,38,1,logits,hf_same_history,0.28125,0.022306592966395623,0,False,5.310278674148009e-05,0.0008492718372121314,145314,145314,5.125
generation-history,history-5,scheduled,0,30,39,1,logits,hf_same_history,0.3125,0.025798074607109013,0,False,0.00018479138055473433,0.0021220799513412244,145314,145314,4.875
generation-history,history-5,scheduled,0,31,40,1,logits,hf_same_history,0.3125,0.018978923469607063,0,False,3.987265676304082e-05,0.0003821072212870604,145314,145314,4.75
generation-history,history-5,scheduled,0,32,41,1,logits,hf_same_history,0.25,0.017205154905211975,0,False,0.00025723239411310677,0.0037427974772107544,145314,145314,4.4375
generation-history,history-5,scheduled,0,33,42,1,logits,hf_same_history,0.265625,0.02001823072611435,0,False,9.572780171166113e-05,0.0021541928992791634,145314,145314,4.3125
generation-history,history-5,scheduled,0,33,42,1,logits,native_full,0.3125,0.024409587096995103,0,False,9.73706528413636e-05,0.001741824485581215,145314,145314,4.375
runtime-selected-diagnostics,length-1,full,0,0,0,1,logits,hf_same_history,0.00390625,3.787954072174128e-06,0,False,3.0575570821274984e-12,1.4470421961523314e-09,72030,72030,1.4375
runtime-selected-diagnostics,length-1,scheduled,0,0,0,1,logits,hf_same_history,0.00390625,3.787954072174128e-06,0,False,3.0575570821274984e-12,1.4470421961523314e-09,72030,72030,1.4375
runtime-selected-diagnostics,length-1,scheduled,0,0,0,1,logits,native_full,0.0,0.0,0,True,0.0,0.0,72030,72030,1.4375
runtime-selected-diagnostics,length-15,full,0,0,0,15,logits,hf_same_history,0.28125,0.020404920932381717,0,False,0.001545131596899796,0.022438689048279906,13416,13416,0.625
runtime-selected-diagnostics,length-15,scheduled,0,0,0,1,logits,hf_same_history,0.001953125,1.738972561181982e-06,0,False,1.7763649678810498e-13,1.8844892432035837e-10,72030,72030,2.9375
runtime-selected-diagnostics,length-15,scheduled,0,1,1,1,logits,hf_same_history,0.171875,0.012187672922362251,0,False,0.0006870526495763257,0.012864749680864311,111461,111461,0.625
runtime-selected-diagnostics,length-15,scheduled,0,2,2,1,logits,hf_same_history,0.28125,0.01792002177754354,0,False,0.0007753458386917625,0.015101450089178365,2296,2296,3.25
runtime-selected-diagnostics,length-15,scheduled,0,3,3,1,logits,hf_same_history,0.1875,0.012738105242815757,0,False,0.0016841984572132165,0.025170864072710117,98380,98380,1.3125
runtime-selected-diagnostics,length-15,scheduled,0,4,4,1,logits,hf_same_history,0.1875,0.015425437358076107,0,False,0.0012649735328945672,0.020957464688374818,220,220,0.375
runtime-selected-diagnostics,length-15,scheduled,0,5,5,1,logits,hf_same_history,0.25,0.02229176798977483,0,False,0.0006723092497517244,0.007712033813524345,627,627,4.5
runtime-selected-diagnostics,length-15,scheduled,0,6,6,1,logits,hf_same_history,0.21875,0.021280095387979613,0,False,0.0007864504024430721,0.015726549985678014,368,368,0.125
runtime-selected-diagnostics,length-15,scheduled,0,7,7,1,logits,hf_same_history,0.34375,0.031033289750928228,0,False,0.0017344475186856466,0.024009790800530024,271,271,0.4375
runtime-selected-diagnostics,length-15,scheduled,0,8,8,1,logits,hf_same_history,0.205078125,0.02876986324366023,0,False,0.0021735228664390943,0.026753260823968963,271,271,1.3125
runtime-selected-diagnostics,length-15,scheduled,0,9,9,1,logits,hf_same_history,0.203125,0.013946241816937557,0,False,0.0009812390581473533,0.0184926266823292,51784,51784,0.3125
runtime-selected-diagnostics,length-15,scheduled,0,10,10,1,logits,hf_same_history,0.21875,0.023814114308706297,0,False,0.0009915499323270142,0.016962703916338737,271,271,1.6875
runtime-selected-diagnostics,length-15,scheduled,0,11,11,1,logits,hf_same_history,0.25,0.019908298613375685,0,False,0.0021897277338591217,0.027145946291226564,6297,6297,0.625
runtime-selected-diagnostics,length-15,scheduled,0,12,12,1,logits,hf_same_history,0.21875,0.022188368817390388,0,False,0.0007315492657903526,0.01473922482301901,271,271,1.9375
runtime-selected-diagnostics,length-15,scheduled,0,13,13,1,logits,hf_same_history,0.1640625,0.021833841912250844,0,False,0.0006108676427332993,0.013517597648844287,271,271,1.5
runtime-selected-diagnostics,length-15,scheduled,0,14,14,1,logits,hf_same_history,0.375,0.025988798714273693,0,False,0.0035021061961731433,0.033605852358192974,13416,13416,0.4375
runtime-selected-diagnostics,length-15,scheduled,0,14,14,1,logits,native_full,0.2734375,0.02220319079423204,0,False,0.001248662295819733,0.020095149498792177,13416,13416,0.625
runtime-selected-diagnostics,length-16,full,0,0,0,16,logits,hf_same_history,0.21875,0.02718582773524629,0,False,0.001317107292627991,0.020633298567175672,27877,27877,0.8125
runtime-selected-diagnostics,length-16,scheduled,0,0,0,1,logits,hf_same_history,0.15625,0.010526898962361015,0,False,0.0007107510799938994,0.015252843061879344,2038,2038,0.9375
runtime-selected-diagnostics,length-16,scheduled,0,1,1,1,logits,hf_same_history,0.21875,0.020636366639053966,0,False,0.0011699326452560591,0.018451509032858117,24,24,0.25
runtime-selected-diagnostics,length-16,scheduled,0,2,2,1,logits,hf_same_history,0.1875,0.005780501343921665,0,False,0.0004768891162554411,0.010700949887796574,27877,27877,0.0625
runtime-selected-diagnostics,length-16,scheduled,0,3,3,1,logits,hf_same_history,0.328125,0.019232288894604946,0,False,0.0012868174447172621,0.021270864457119894,522,522,1.6875
runtime-selected-diagnostics,length-16,scheduled,0,4,4,1,logits,hf_same_history,0.25,0.023654252491474993,0,False,0.0014331482128970602,0.02078133774035601,522,522,0.875
runtime-selected-diagnostics,length-16,scheduled,0,5,5,1,logits,hf_same_history,0.2109375,0.01966726206013107,0,False,0.001250917736039272,0.02030189552039234,522,522,1.875
runtime-selected-diagnostics,length-16,scheduled,0,6,6,1,logits,hf_same_history,0.25,0.021611636890160237,0,False,0.0013878311287130601,0.02049426211544653,522,522,1.3125
runtime-selected-diagnostics,length-16,scheduled,0,7,7,1,logits,hf_same_history,0.3125,0.03477096663915575,0,False,0.0013891990544514412,0.019821032273706178,20074,20074,0.25
runtime-selected-diagnostics,length-16,scheduled,0,8,8,1,logits,hf_same_history,0.21875,0.02912313772990346,0,False,0.000747571978043813,0.016070822637842923,522,522,1.1875
runtime-selected-diagnostics,length-16,scheduled,0,9,9,1,logits,hf_same_history,0.3330078125,0.03893299639469645,0,False,0.0011798875435501184,0.014639739595749778,522,522,1.125
runtime-selected-diagnostics,length-16,scheduled,0,10,10,1,logits,hf_same_history,0.234375,0.025135164737025307,0,False,0.0011902156047876996,0.01949637517755462,198,198,0.4375
runtime-selected-diagnostics,length-16,scheduled,0,11,11,1,logits,hf_same_history,0.234375,0.02146477695938311,0,False,0.0008942977492011612,0.01706030290707099,315,315,1.0625
runtime-selected-diagnostics,length-16,scheduled,0,12,12,1,logits,hf_same_history,0.234375,0.029796062588209018,0,False,0.0016180180913699309,0.02297359398609375,58771,58771,1.1875
runtime-selected-diagnostics,length-16,scheduled,0,13,13,1,logits,hf_same_history,0.28125,0.03147475924417353,0,False,0.001362833861806158,0.020530599095748586,27877,27877,0.625
runtime-selected-diagnostics,length-16,scheduled,0,14,14,1,logits,hf_same_history,0.25,0.012490565127790862,0,False,0.0010806756830730076,0.018357865170737533,11,11,0.5625
runtime-selected-diagnostics,length-16,scheduled,0,15,15,1,logits,hf_same_history,0.22265625,0.028354894702628412,0,False,0.001267913408018022,0.019575578531893695,27877,27877,0.6875
runtime-selected-diagnostics,length-16,scheduled,0,15,15,1,logits,native_full,0.203125,0.02527001653530615,0,False,0.0009497339508785212,0.017402832552163225,27877,27877,0.75
runtime-selected-diagnostics,length-17,full,0,0,0,17,logits,hf_same_history,0.3828125,0.043730060866455214,0,False,0.0048248246430211235,0.03888619320541659,480,480,0.5
runtime-selected-diagnostics,length-17,scheduled,0,0,0,1,logits,hf_same_history,0.140625,0.012978455410372547,0,False,0.0008328735116963993,0.015185317161996954,11,11,0.3125
runtime-selected-diagnostics,length-17,scheduled,0,1,1,1,logits,hf_same_history,0.5,0.036479272694305676,0,False,0.005495826440012219,0.04168513859111371,110660,110660,0.0625
runtime-selected-diagnostics,length-17,scheduled,0,2,2,1,logits,hf_same_history,0.3125,0.02351663420463614,0,False,0.0024720421588951746,0.028026245340306937,12051,12051,0.0625
runtime-selected-diagnostics,length-17,scheduled,0,3,3,1,logits,hf_same_history,0.203125,0.011615602416446,0,False,0.0011325566328474956,0.018986430914053515,2057,2057,0.125
runtime-selected-diagnostics,length-17,scheduled,0,4,4,1,logits,hf_same_history,0.265625,0.011293149553157297,0,False,0.002027594302427632,0.0243451068222549,220,220,1.375
runtime-selected-diagnostics,length-17,scheduled,0,5,5,1,logits,hf_same_history,0.3125,0.015081207849773187,0,False,0.0010249986084780258,0.018930855043613443,1504,1504,0.3125
runtime-selected-diagnostics,length-17,scheduled,0,6,6,1,logits,hf_same_history,0.25,0.014346305962367724,0,False,0.0006957827449650155,0.015247799946012329,11,11,0.375
runtime-selected-diagnostics,length-17,scheduled,0,7,7,1,logits,hf_same_history,0.25,0.024056294375159302,0,False,0.0019256699376757926,0.025696366247625363,271,271,0.125
runtime-selected-diagnostics,length-17,scheduled,0,8,8,1,logits,hf_same_history,0.25,0.021110104924449816,0,False,0.0021671832875841284,0.02810566478567254,75,75,0.5
runtime-selected-diagnostics,length-17,scheduled,0,9,9,1,logits,hf_same_history,0.21875,0.019880856007438684,0,False,0.00116744695554583,0.017097431186154886,11,11,0.5
runtime-selected-diagnostics,length-17,scheduled,0,10,10,1,logits,hf_same_history,0.28125,0.023809014322402854,0,False,0.0008080561454258226,0.015748258424092155,2077,2077,0.3125
runtime-selected-diagnostics,length-17,scheduled,0,11,11,1,logits,hf_same_history,0.21875,0.016328713792741353,0,False,0.000874267712794815,0.01662536637878871,11,11,0.4375
runtime-selected-diagnostics,length-17,scheduled,0,12,12,1,logits,hf_same_history,0.3125,0.02175828115082481,0,False,0.0023163317590424127,0.026983085685775173,1454,808,0.0
runtime-selected-diagnostics,length-17,scheduled,0,13,13,1,logits,hf_same_history,0.1875,0.01942732005505297,0,False,0.0010658280057610364,0.019129034154803083,11,11,0.5
runtime-selected-diagnostics,length-17,scheduled,0,14,14,1,logits,hf_same_history,0.265625,0.025624500333068182,0,False,0.0012409339011948978,0.02022685099078541,11,11,0.8125
runtime-selected-diagnostics,length-17,scheduled,0,15,15,1,logits,hf_same_history,0.1953125,0.023069017137925172,0,False,0.002692255816296585,0.031736608989147264,369,369,1.75
runtime-selected-diagnostics,length-17,scheduled,0,16,16,1,logits,hf_same_history,0.203125,0.02262090902740655,0,False,0.0013712545848333156,0.020342111061962112,480,480,0.375
runtime-selected-diagnostics,length-17,scheduled,0,16,16,1,logits,native_full,0.459228515625,0.0540504173273758,0,False,0.00465893571498504,0.03864798731503234,480,480,0.1875
runtime-selected-diagnostics,length-63,full,0,0,0,63,logits,hf_same_history,0.1875,0.01345628384567481,0,False,0.0016192877461132153,0.026147419953731293,253,253,0.625
runtime-selected-diagnostics,length-63,scheduled,0,0,0,46,logits,hf_same_history,0.162109375,0.025297498547759586,0,False,0.0007857254386616441,0.0161002943452271,15767,15767,0.15625
runtime-selected-diagnostics,length-63,scheduled,0,1,46,16,logits,hf_same_history,0.1875,0.021738361280419737,0,False,0.00047683948328663115,0.012476820995161375,15767,15767,0.1875
runtime-selected-diagnostics,length-63,scheduled,0,2,62,1,logits,hf_same_history,0.125,0.01090504022992487,0,False,0.0011976770389504619,0.016248619016539543,253,253,0.75
runtime-selected-diagnostics,length-63,scheduled,0,2,62,1,logits,native_full,0.125,0.00981023566692635,0,False,0.0016876074915570234,0.027217961393977714,253,253,0.625
runtime-selected-diagnostics,length-64,full,0,0,0,64,logits,hf_same_history,0.703125,0.04962399534891404,0,False,0.006518521036048887,0.04513361616430983,351,351,0.625
runtime-selected-diagnostics,length-64,scheduled,0,0,0,47,logits,hf_same_history,0.53125,0.04626209396140869,0,False,0.005163619921505654,0.03868384602676408,13,13,0.375
runtime-selected-diagnostics,length-64,scheduled,0,1,47,16,logits,hf_same_history,0.71875,0.057779681654694194,0,False,0.006886141076338713,0.044215554278934914,330,330,0.125
runtime-selected-diagnostics,length-64,scheduled,0,2,63,1,logits,hf_same_history,0.71875,0.05409365110039721,0,False,0.006815607925222539,0.04721535959856897,351,351,0.6875
runtime-selected-diagnostics,length-64,scheduled,0,2,63,1,logits,native_full,0.21875,0.021985814670237382,0,False,0.0009873868891851483,0.018173879900221807,351,351,0.5
runtime-selected-diagnostics,length-65,full,0,0,0,65,logits,hf_same_history,0.1953125,0.0312526597854921,0,False,0.0012120734262862786,0.01976992234290013,261,261,0.0625
runtime-selected-diagnostics,length-65,scheduled,0,0,0,48,logits,hf_same_history,0.25,0.031479431836627436,0,False,0.0010289681118933768,0.017169085733043713,487,487,1.75
runtime-selected-diagnostics,length-65,scheduled,0,1,48,16,logits,hf_same_history,0.25,0.029605392868229198,0,False,0.0020346679085428295,0.02334566360879684,517,517,1.0
runtime-selected-diagnostics,length-65,scheduled,0,2,64,1,logits,hf_same_history,0.296875,0.04554688968227719,0,False,0.0014822447071503068,0.022012531280792193,261,261,0.125
runtime-selected-diagnostics,length-65,scheduled,0,2,64,1,logits,native_full,0.1689453125,0.027425497640639403,0,False,0.0004312528086876518,0.01202774108350763,261,261,0.0625
runtime-selected-diagnostics,length-256,full,0,0,0,256,logits,hf_same_history,0.21875,0.02468462165150814,0,False,0.001230055006365226,0.019641772331724386,16586,16586,0.5625
runtime-selected-diagnostics,length-256,scheduled,0,0,0,239,logits,hf_same_history,0.173828125,0.025421417610717242,0,False,0.0006091161794395371,0.013628332201331177,287,287,2.0625
runtime-selected-diagnostics,length-256,scheduled,0,1,239,16,logits,hf_same_history,0.1875,0.024906271521526246,0,False,0.0008496685328555113,0.01653560506406579,271,271,0.125
runtime-selected-diagnostics,length-256,scheduled,0,2,255,1,logits,hf_same_history,0.25,0.02587350106939217,0,False,0.0012220139709421536,0.020004179905713723,16586,16586,0.5
runtime-selected-diagnostics,length-256,scheduled,0,2,255,1,logits,native_full,0.21875,0.020530213345381267,0,False,0.0006116334133931577,0.01363727967813058,16586,16586,0.5
runtime-selected-diagnostics,length-257,full,0,0,0,257,logits,hf_same_history,0.171875,0.026420136884661667,0,False,0.0007812387267516505,0.015422098129892831,8,8,0.3125
runtime-selected-diagnostics,length-257,scheduled,0,0,0,240,logits,hf_same_history,0.21875,0.016126428275108268,0,False,0.00100194764274343,0.0176545583464236,271,271,0.65625
runtime-selected-diagnostics,length-257,scheduled,21,1,240,16,logits,hf_same_history,0.1953125,0.019482317455260995,0,False,0.000982598409229569,0.01728989532376874,60,60,0.34375
runtime-selected-diagnostics,length-257,scheduled,0,2,256,1,logits,hf_same_history,0.1953125,0.03916448235285548,0,False,0.0009499465263833773,0.017656536344538294,8,8,0.28125
runtime-selected-diagnostics,length-257,scheduled,0,2,256,1,logits,native_full,0.142578125,0.02133533690082535,0,False,0.0004214609281276431,0.011465161089711396,8,8,0.375
runtime-selected-diagnostics,length-1024,full,0,0,0,1024,logits,hf_same_history,0.21875,0.027827970577612368,0,False,0.0007593244837265267,0.015331248434606409,319,319,0.34375
runtime-selected-diagnostics,length-1024,scheduled,0,0,0,1007,logits,hf_same_history,0.1875,0.025200362793274388,0,False,0.0008918980165119293,0.016683393610407545,319,319,0.625
runtime-selected-diagnostics,length-1024,scheduled,0,1,1007,16,logits,hf_same_history,0.125,0.016170399662609396,0,False,0.0003591320715871163,0.010599062675581944,220,220,0.375
runtime-selected-diagnostics,length-1024,scheduled,0,2,1023,1,logits,hf_same_history,0.18359375,0.026068901057939887,0,False,0.0005011565222231398,0.012425478397682915,319,319,0.34375
runtime-selected-diagnostics,length-1024,scheduled,0,2,1023,1,logits,native_full,0.125,0.01797578351944859,0,False,0.0004985908974297912,0.01279358048003962,319,319,0.40625
runtime-selected-diagnostics,length-1025,full,0,0,0,1025,logits,hf_same_history,0.1171875,0.01669494114497244,0,False,0.00025001204413754754,0.008818158402723254,198,198,0.09375
runtime-selected-diagnostics,length-1025,scheduled,0,0,0,1008,logits,hf_same_history,0.16796875,0.026376617275267453,0,False,0.00067624843069653,0.014263595019496433,13,13,0.5
runtime-selected-diagnostics,length-1025,scheduled,2,1,1008,16,logits,hf_same_history,0.15625,0.026208872710102225,0,False,0.0006004064424413947,0.013606058428156025,271,271,0.5625
runtime-selected-diagnostics,length-1025,scheduled,0,2,1024,1,logits,hf_same_history,0.15625,0.01833755653807098,0,False,0.0004913833197183257,0.012435629207484885,198,198,0.125
runtime-selected-diagnostics,length-1025,scheduled,0,2,1024,1,logits,native_full,0.1015625,0.012072129133870195,0,False,0.00020376967336409237,0.007986015640200322,198,198,0.09375
runtime-selected-diagnostics,length-4096,full,0,0,0,4096,logits,hf_same_history,0.1484375,0.015456753911642198,0,False,0.0004684791668977614,0.012170372509551738,198,198,0.625
runtime-selected-diagnostics,length-4096,scheduled,0,0,0,4079,logits,hf_same_history,0.1875,0.024805036652109185,0,False,0.0005108599289536139,0.012582533909805868,13,13,0.1875
runtime-selected-diagnostics,length-4096,scheduled,0,1,4079,16,logits,hf_same_history,0.1171875,0.015199309425069292,0,False,0.00021647017685481505,0.008255520204483786,198,198,1.21875
runtime-selected-diagnostics,length-4096,scheduled,0,2,4095,1,logits,hf_same_history,0.109375,0.012681895355653077,0,False,0.00023743906289148405,0.008732375301867755,198,198,0.625
runtime-selected-diagnostics,length-4096,scheduled,0,2,4095,1,logits,native_full,0.140625,0.016027806677920337,0,False,0.00040276884046450644,0.011302626323089352,198,198,0.625
runtime-selected-diagnostics,cell-16-1024-2,full,0,0,0,1024,logits,hf_same_history,0.21875,0.027827970577612368,0,False,0.0007593244837265267,0.015331248434606409,319,319,0.34375
runtime-selected-diagnostics,cell-16-1024-2,scheduled,0,0,0,1008,logits,hf_same_history,0.1640625,0.019426039813740456,0,False,0.0004772326728293096,0.012262984163162563,1,1,0.03125
runtime-selected-diagnostics,cell-16-1024-2,scheduled,2,1,1008,16,logits,hf_same_history,0.2578125,0.036323133764022436,0,False,0.0009562419079720674,0.017100632528721987,319,319,0.34375
runtime-selected-diagnostics,cell-16-1024-2,scheduled,2,1,1008,16,logits,native_full,0.171875,0.021466421832703,0,False,0.0005835168147140205,0.013258375218811576,319,319,0.40625
runtime-selected-diagnostics,cell-16-4096-2,full,0,0,0,4096,logits,hf_same_history,0.1484375,0.015456753911642198,0,False,0.0004684791668977614,0.012170372509551738,198,198,0.625
runtime-selected-diagnostics,cell-16-4096-2,scheduled,0,0,0,4080,logits,hf_same_history,0.140625,0.03149445322241516,0,False,0.0003342539106904475,0.010286944192492688,9370,9370,0.0
runtime-selected-diagnostics,cell-16-4096-2,scheduled,2,1,4080,16,logits,hf_same_history,0.12890625,0.017166241373822354,0,False,0.0003245492931470159,0.010178337706461354,198,198,0.625
runtime-selected-diagnostics,cell-16-4096-2,scheduled,2,1,4080,16,logits,native_full,0.140625,0.016552122612089337,0,False,0.0003750554983709941,0.011000150728142812,198,198,0.625
runtime-selected-diagnostics,cell-15-256-2,full,0,0,0,256,logits,hf_same_history,0.21875,0.02468462165150814,0,False,0.001230055006365226,0.019641772331724386,16586,16586,0.5625
runtime-selected-diagnostics,cell-15-256-2,scheduled,0,0,0,241,logits,hf_same_history,0.1494140625,0.014861850714382214,0,False,0.0005445712693663359,0.012746138447364636,271,271,0.09375
runtime-selected-diagnostics,cell-15-256-2,scheduled,2,1,241,15,logits,hf_same_history,0.25,0.03014519709882952,0,False,0.0014507991006621835,0.021539706558437004,16586,16586,0.5625
runtime-selected-diagnostics,cell-15-256-2,scheduled,2,1,241,15,logits,native_full,0.1875,0.02350527773951807,0,False,0.0008420441474845872,0.01637660520925971,16586,16586,0.5
runtime-selected-diagnostics,cell-17-256-2,full,0,0,0,256,logits,hf_same_history,0.21875,0.02468462165150814,0,False,0.001230055006365226,0.019641772331724386,16586,16586,0.5625
runtime-selected-diagnostics,cell-17-256-2,scheduled,0,0,0,239,logits,hf_same_history,0.173828125,0.025421417610717242,0,False,0.0006091161794395371,0.013628332201331177,287,287,2.0625
runtime-selected-diagnostics,cell-17-256-2,scheduled,2,1,239,17,logits,hf_same_history,0.21875,0.0267872727317591,0,False,0.0010844161180561776,0.018470600334131997,16586,16586,0.5625
runtime-selected-diagnostics,cell-17-256-2,scheduled,2,1,239,17,logits,native_full,0.25,0.027916130058508303,0,False,0.0015128752105487836,0.021992438991173164,16586,16586,0.5
runtime-selected-diagnostics,cell-64-1024-3,full,0,0,0,1024,logits,hf_same_history,0.21875,0.027827970577612368,0,False,0.0007593244837265267,0.015331248434606409,319,319,0.34375
runtime-selected-diagnostics,cell-64-1024-3,scheduled,0,0,0,960,logits,hf_same_history,0.234375,0.03231303534106403,0,False,0.0013350919194068962,0.020955037823124176,82,82,0.90625
runtime-selected-diagnostics,cell-64-1024-3,scheduled,3,1,960,64,logits,hf_same_history,0.21875,0.033861063609093335,0,False,0.0006972391839014211,0.014889864778262225,319,319,0.34375
runtime-selected-diagnostics,cell-64-1024-3,scheduled,3,1,960,64,logits,native_full,0.109375,0.015642095380909105,0,False,0.00023724503776231766,0.00864219624300313,319,319,0.40625
runtime-selected-diagnostics,cell-64-4096-3,full,0,0,0,4096,logits,hf_same_history,0.1484375,0.015456753911642198,0,False,0.0004684791668977614,0.012170372509551738,198,198,0.625
runtime-selected-diagnostics,cell-64-4096-3,scheduled,0,0,0,4032,logits,hf_same_history,0.2109375,0.029656565811331692,0,False,0.0007574743532618375,0.015416974682525475,2303,75542,0.03125
runtime-selected-diagnostics,cell-64-4096-3,scheduled,3,1,4032,64,logits,hf_same_history,0.123046875,0.012708450191928766,0,False,0.0003046611801045065,0.009654262238350371,198,198,0.625
runtime-selected-diagnostics,cell-64-4096-3,scheduled,3,1,4032,64,logits,native_full,0.1328125,0.014635218721516519,0,False,0.0003348187290100442,0.010177753179135392,198,198,0.625
runtime-selected-diagnostics,cell-256-1024-3,full,0,0,0,1024,logits,hf_same_history,0.21875,0.027827970577612368,0,False,0.0007593244837265267,0.015331248434606409,319,319,0.34375
runtime-selected-diagnostics,cell-256-1024-3,scheduled,0,0,0,768,logits,hf_same_history,0.21875,0.023610994964897828,0,False,0.0007795246175396734,0.015653774318964794,8,8,2.0
runtime-selected-diagnostics,cell-256-1024-3,scheduled,3,1,768,256,logits,hf_same_history,0.26953125,0.03967741747754073,0,False,0.0007879956431021494,0.015535442344205416,319,319,0.34375
runtime-selected-diagnostics,cell-256-1024-3,scheduled,3,1,768,256,logits,native_full,0.16015625,0.024171651789492824,0,False,0.000605115407398684,0.01375396547106981,319,319,0.40625
runtime-selected-diagnostics,cell-256-4096-3,full,0,0,0,4096,logits,hf_same_history,0.1484375,0.015456753911642198,0,False,0.0004684791668977614,0.012170372509551738,198,198,0.625
runtime-selected-diagnostics,cell-256-4096-3,scheduled,0,0,0,3840,logits,hf_same_history,0.140625,0.022890590526401744,0,False,0.0004351318921255485,0.011817171399336183,198,198,0.1875
runtime-selected-diagnostics,cell-256-4096-3,scheduled,3,1,3840,256,logits,hf_same_history,0.1328125,0.016803496413172626,0,False,0.00048504544221687545,0.012134199912155846,198,198,0.625
runtime-selected-diagnostics,cell-256-4096-3,scheduled,3,1,3840,256,logits,native_full,0.125,0.014805485859866142,0,False,0.00025722185380659343,0.008906210607757663,198,198,0.625
runtime-selected-diagnostics,cell-65-4096-3,full,0,0,0,4096,logits,hf_same_history,0.1484375,0.015456753911642198,0,False,0.0004684791668977614,0.012170372509551738,198,198,0.625
runtime-selected-diagnostics,cell-65-4096-3,scheduled,0,0,0,4031,logits,hf_same_history,0.1640625,0.031193912667222188,0,False,0.0004271426524378629,0.011462721787909878,24897,24897,0.125
runtime-selected-diagnostics,cell-65-4096-3,scheduled,3,1,4031,65,logits,hf_same_history,0.123046875,0.012708450191928766,0,False,0.0003046611801045065,0.009654262238350371,198,198,0.625
runtime-selected-diagnostics,cell-65-4096-3,scheduled,3,1,4031,65,logits,native_full,0.1328125,0.014635218721516519,0,False,0.0003348187290100442,0.010177753179135392,198,198,0.625
runtime-selected-diagnostics,cell-255-4096-3,full,0,0,0,4096,logits,hf_same_history,0.1484375,0.015456753911642198,0,False,0.0004684791668977614,0.012170372509551738,198,198,0.625
runtime-selected-diagnostics,cell-255-4096-3,scheduled,0,0,0,3841,logits,hf_same_history,0.12548828125,0.021873184099345657,0,False,0.00042658537084618996,0.0114794393689471,198,198,0.71875
runtime-selected-diagnostics,cell-255-4096-3,scheduled,3,1,3841,255,logits,hf_same_history,0.1328125,0.015097368491362893,0,False,0.00044442317554343807,0.011673590271672047,198,198,0.625
runtime-selected-diagnostics,cell-255-4096-3,scheduled,3,1,3841,255,logits,native_full,0.125,0.014532672245320113,0,False,0.00036726532690439795,0.010881870418888903,198,198,0.625
runtime-selected-diagnostics,cell-16-256-2,full,0,0,0,256,logits,hf_same_history,0.21875,0.02468462165150814,0,False,0.001230055006365226,0.019641772331724386,16586,16586,0.5625
runtime-selected-diagnostics,cell-16-256-2,scheduled,0,0,0,240,logits,hf_same_history,0.203125,0.02589137759763479,0,False,0.0011980907672095578,0.01824689104648184,1851,1851,0.5
runtime-selected-diagnostics,cell-16-256-2,scheduled,21,1,240,16,logits,hf_same_history,0.1875,0.022839899769531467,0,False,0.000825141255020776,0.016192103769219535,16586,16586,0.5625
runtime-selected-diagnostics,cell-16-256-2,scheduled,21,1,240,16,logits,native_full,0.1875,0.02138504085677205,0,False,0.0009041864752491113,0.0168102479886245,16586,16586,0.5
runtime-selected-diagnostics,cell-16-256-21,full,0,0,0,256,logits,hf_same_history,0.21875,0.02468462165150814,0,False,0.001230055006365226,0.019641772331724386,16586,16586,0.5625
runtime-selected-diagnostics,cell-16-256-21,scheduled,0,0,0,240,logits,hf_same_history,0.203125,0.02589137759763479,0,False,0.0011980907672095578,0.01824689104648184,1851,1851,0.5
runtime-selected-diagnostics,cell-16-256-21,scheduled,21,1,240,16,logits,hf_same_history,0.1875,0.022839899769531467,0,False,0.000825141255020776,0.016192103769219535,16586,16586,0.5625
runtime-selected-diagnostics,cell-16-256-21,scheduled,21,1,240,16,logits,native_full,0.1875,0.02138504085677205,0,False,0.0009041864752491113,0.0168102479886245,16586,16586,0.5
runtime-selected-diagnostics,text-0,full,0,0,0,5,logits,hf_same_history,0.25,0.011640152441505791,0,False,0.0021562103082855104,0.029397303044212765,12095,12095,0.75
runtime-selected-diagnostics,text-0,scheduled,0,0,0,1,logits,hf_same_history,7.62939453125e-06,9.6044168469503e-09,0,False,1.3300237423911995e-16,6.272225650824899e-13,2701,2701,2.125
runtime-selected-diagnostics,text-0,scheduled,0,1,1,1,logits,hf_same_history,0.236328125,0.017798128343247267,0,False,0.0015740965902349185,0.02355947685392179,315,315,1.75
runtime-selected-diagnostics,text-0,scheduled,0,2,2,1,logits,hf_same_history,0.3125,0.01336401819043987,0,False,0.0008409638157540725,0.013516910477893614,279,279,0.4375
runtime-selected-diagnostics,text-0,scheduled,0,3,3,1,logits,hf_same_history,0.1875,0.010654913625202152,0,False,0.0015299588237113258,0.024357746929302412,374,374,1.125
runtime-selected-diagnostics,text-0,scheduled,0,4,4,1,logits,hf_same_history,0.1875,0.01093729259677911,0,False,0.0026207779193180387,0.03119576491767285,12095,12095,0.75
runtime-selected-diagnostics,text-0,scheduled,0,4,4,1,logits,native_full,0.3125,0.013707108131818633,0,False,0.001082833618125619,0.013372930620998326,12095,12095,0.875
runtime-selected-diagnostics,text-1,full,0,0,0,10,logits,hf_same_history,0.40625,0.017673032231012693,0,False,0.00023059606455432587,0.003368688988645439,362,362,3.5
runtime-selected-diagnostics,text-1,scheduled,0,0,0,1,logits,hf_same_history,0.125,0.006713169865873952,0,False,0.0004450819912035881,0.012586045795735166,1851,1851,0.1875
runtime-selected-diagnostics,text-1,scheduled,0,1,1,1,logits,hf_same_history,0.271484375,0.021533772571870502,0,False,6.46537855854727e-05,0.0015128031082085496,279,279,0.625
runtime-selected-diagnostics,text-1,scheduled,0,2,2,1,logits,hf_same_history,0.265625,0.015972171134483806,0,False,0.0018068036816537782,0.022529069209081237,7716,7716,2.75
runtime-selected-diagnostics,text-1,scheduled,0,3,3,1,logits,hf_same_history,0.203125,0.011075822471726064,0,False,0.00014196609460250204,0.0022400141179111394,11652,11652,1.0
runtime-selected-diagnostics,text-1,scheduled,0,4,4,1,logits,hf_same_history,0.359375,0.019707929951560836,0,False,0.0018138147228026565,0.026826893421794777,1128,1128,0.375
runtime-selected-diagnostics,text-1,scheduled,0,5,5,1,logits,hf_same_history,0.2734375,0.017589503517042856,0,False,0.00248418300406378,0.027840643260825134,279,279,0.125
runtime-selected-diagnostics,text-1,scheduled,0,6,6,1,logits,hf_same_history,0.21875,0.013927835740362531,0,False,0.0007862215978752361,0.013533535550822352,1697,1697,0.0
runtime-selected-diagnostics,text-1,scheduled,0,7,7,1,logits,hf_same_history,0.274169921875,0.017478038806800152,0,False,0.00236977150732257,0.03178731909824172,4278,4278,1.0
runtime-selected-diagnostics,text-1,scheduled,0,8,8,1,logits,hf_same_history,0.21875,0.017768890671081027,0,False,0.0018870310028334207,0.0301176397911065,382,382,0.125
runtime-selected-diagnostics,text-1,scheduled,0,9,9,1,logits,hf_same_history,0.4375,0.02629507915786783,0,False,0.0002203839206821451,0.002990143974766582,362,362,3.375
runtime-selected-diagnostics,text-1,scheduled,0,9,9,1,logits,native_full,0.4375,0.019438485721556983,0,False,0.00041076756715595423,0.0059454225682953,362,362,3.5
runtime-selected-diagnostics,text-2,full,0,0,0,12,logits,hf_same_history,0.25,0.012759087196716002,0,False,0.0005895514430204387,0.011725253751907902,145314,145314,2.5
runtime-selected-diagnostics,text-2,scheduled,0,0,0,1,logits,hf_same_history,0.125,0.007440680832125813,0,False,0.00041557014080963054,0.010308289531824765,3978,3978,0.3125
runtime-selected-diagnostics,text-2,scheduled,0,1,1,1,logits,hf_same_history,0.40625,0.02570700827427121,0,False,0.0001963263930395787,0.0029870274044477233,650,650,0.25
runtime-selected-diagnostics,text-2,scheduled,0,2,2,1,logits,hf_same_history,0.3125,0.0124652227335206,0,False,0.0021198035817775697,0.026461339033425957,98889,98889,1.1875
runtime-selected-diagnostics,text-2,scheduled,0,3,3,1,logits,hf_same_history,0.1953125,0.00909644528075529,0,False,0.00047524139982632954,0.008815397537115308,98889,98889,3.125
runtime-selected-diagnostics,text-2,scheduled,0,4,4,1,logits,hf_same_history,0.2578125,0.009473425042184793,0,False,0.0014182414303602515,0.02088288005150068,3016,3016,0.3125
runtime-selected-diagnostics,text-2,scheduled,0,5,5,1,logits,hf_same_history,0.1875,0.007881660259838193,0,False,0.003183936362898876,0.032075524259714015,273,273,0.625
runtime-selected-diagnostics,text-2,scheduled,0,6,6,1,logits,hf_same_history,0.25,0.01702078367923902,0,False,7.713895023329935e-05,0.001267446366473117,436,436,1.5
runtime-selected-diagnostics,text-2,scheduled,0,7,7,1,logits,hf_same_history,0.3125,0.019852681918296367,0,False,0.00013101497929246634,0.0020625635692456358,4458,4458,4.25
runtime-selected-diagnostics,text-2,scheduled,0,8,8,1,logits,hf_same_history,0.365234375,0.012772040681228473,0,False,0.001432059953748879,0.020196619881468123,271,271,0.5
runtime-selected-diagnostics,text-2,scheduled,0,9,9,1,logits,hf_same_history,0.3125,0.013362784223914796,0,False,0.0014695024027562822,0.02081852149043434,356,356,0.1875
runtime-selected-diagnostics,text-2,scheduled,0,10,10,1,logits,hf_same_history,0.265625,0.020548667433623245,0,False,8.96948865835821e-05,0.0014310737992903647,243,243,5.0
runtime-selected-diagnostics,text-2,scheduled,0,11,11,1,logits,hf_same_history,0.28125,0.017254473018521253,0,False,0.0007165978453807249,0.010778143967442958,145314,145314,2.625
runtime-selected-diagnostics,text-2,scheduled,0,11,11,1,logits,native_full,0.2890625,0.01480662994154342,0,False,0.000609920299363075,0.01110810353619377,145314,145314,2.5
runtime-mixed-diagnostics,mixed-21-2,full,0,0,0,1025,logits,hf_same_history,0.1171875,0.01669494114497244,0,False,0.00025001204413754754,0.008818158402723254,198,198,0.09375
runtime-mixed-diagnostics,mixed-21-2,scheduled,0,0,0,240,logits,hf_same_history,0.15625,0.023746632601431294,0,False,0.0003519778955153271,0.010603540644916639,68,68,0.46875
runtime-mixed-diagnostics,mixed-21-2,scheduled,21,1,240,16,logits,hf_same_history,0.1875,0.025671508123520505,0,False,0.0005182478171494029,0.012506596512098013,13,13,0.4375
runtime-mixed-diagnostics,mixed-21-2,scheduled,0,2,256,752,logits,hf_same_history,0.15625,0.022752984398022497,0,False,0.0006382012732318353,0.013831583992308497,13,13,0.5
runtime-mixed-diagnostics,mixed-21-2,scheduled,2,3,1008,16,logits,hf_same_history,0.125,0.022581083518196668,0,False,0.0003725239243579396,0.01066462361686755,271,271,0.5625
runtime-mixed-diagnostics,mixed-21-2,scheduled,0,4,1024,1,logits,hf_same_history,0.1796875,0.031317681838738495,0,False,0.0004129294742796361,0.011440056732427293,198,198,0.125
runtime-mixed-diagnostics,mixed-21-2,scheduled,0,4,1024,1,logits,native_full,0.171875,0.03148396690340378,0,False,0.00030902849910020304,0.009719172997111392,198,198,0.09375
runtime-mixed-diagnostics,mixed-21-3,full,0,0,0,1025,logits,hf_same_history,0.1171875,0.01669494114497244,0,False,0.00025001204413754754,0.008818158402723254,198,198,0.09375
runtime-mixed-diagnostics,mixed-21-3,scheduled,0,0,0,240,logits,hf_same_history,0.15625,0.023746632601431294,0,False,0.0003519778955153271,0.010603540644916639,68,68,0.46875
runtime-mixed-diagnostics,mixed-21-3,scheduled,21,1,240,16,logits,hf_same_history,0.1875,0.025671508123520505,0,False,0.0005182478171494029,0.012506596512098013,13,13,0.4375
runtime-mixed-diagnostics,mixed-21-3,scheduled,0,2,256,704,logits,hf_same_history,0.138671875,0.01816881307933986,0,False,0.0004112512036181851,0.011557689613612011,198,198,0.46875
runtime-mixed-diagnostics,mixed-21-3,scheduled,3,3,960,64,logits,hf_same_history,0.171875,0.022800284416470796,0,False,0.0005158836794208438,0.012528255426497941,271,271,0.5625
runtime-mixed-diagnostics,mixed-21-3,scheduled,0,4,1024,1,logits,hf_same_history,0.140625,0.017506760462628286,0,False,0.00046867525729406024,0.012196852108529624,198,198,0.125
runtime-mixed-diagnostics,mixed-21-3,scheduled,0,4,1024,1,logits,native_full,0.1141357421875,0.015694852350738878,0,False,0.0003051163459428122,0.009702397218961533,198,198,0.09375
