query_rows,rows,variant,stage,count,median_us,mean_us,active_share_percent
256,256,0,attention RMSNorm,25,10.458,10.56668,0.23384427697497429
256,256,0,packed QKV projection,25,359.042,374.54512,8.288812832498476
256,256,0,QKV unpack,25,34.875,34.90348,0.7724260642425508
256,256,0,Q RoPE,25,33.292,34.34336,0.7600304152383961
256,256,0,K RoPE,25,8.458,8.64008,0.1912079537381596
256,256,0,KV append,25,7.917,8.01164,0.17730035954375292
256,256,0,FP32 GQA,25,169.125,172.23176,3.8115483188028123
256,256,0,output projection,25,284.542,293.83016,6.5025628975838226
256,256,0,attention residual,25,24.625,24.70344,0.5466956570649115
256,256,0,MLP RMSNorm,25,9.791,9.78172,0.21647284113568743
256,256,0,gate projection,25,1027.833,1063.05816,23.525844144759432
256,256,0,up projection,25,1031.75,1063.90328,23.544546942171397
256,256,0,SiLU,25,127.875,130.43664,2.886607881741949
256,256,0,multiply,25,119.084,119.84016,2.6521041204773153
256,256,0,down projection,25,1108.291,1144.31992,25.324194952478965
256,256,0,MLP residual,25,25.917,25.56672,0.565800341547356
256,256,20,attention RMSNorm,25,10.375,10.32992,0.02544332818058844
256,256,20,Q projection,25,2347.375,2346.98168,5.780782921655618
256,256,20,K projection,25,334.125,334.58008,0.8240945504057665
256,256,20,V projection,25,334.042,334.75664,0.8245294302522284
256,256,20,Q RoPE,25,33.0,33.07168,0.08145790168011012
256,256,20,K RoPE,25,8.333,8.3816,0.02064447735107533
256,256,20,KV append,25,7.917,7.99164,0.019683978116105234
256,256,20,FP32 GQA,25,572.0,572.53492,1.4101942574973425
256,256,20,output projection,25,2325.042,2325.5016,5.72787595579477
256,256,20,attention residual,25,24.167,24.46832,0.060267213665512964
256,256,20,MLP RMSNorm,25,9.917,9.88512,0.024347754122442226
256,256,20,gate projection,25,12422.75,12426.54164,30.607456504626146
256,256,20,up projection,25,12426.584,12426.48848,30.60732556776254
256,256,20,SiLU,25,127.0,127.19668,0.3132944759224941
256,256,20,multiply,25,119.792,120.4034,0.2965621437783315
256,256,20,down projection,25,9465.667,9465.90664,23.315201779716713
256,256,20,MLP residual,25,24.5,24.69996,0.06083775947223282
64,4096,3,attention RMSNorm,25,7.541,7.5468,0.3891288932998549
64,4096,3,packed QKV projection,25,82.75,82.82344,4.270550901903713
64,4096,3,QKV unpack,25,10.417,10.43672,0.538139251507985
64,4096,3,Q RoPE,25,11.375,11.42836,0.5892702972163474
64,4096,3,K RoPE,25,5.791,5.81832,0.300004826213019
64,4096,3,KV append,25,4.916,4.90504,0.25291418704504165
64,4096,3,FP32 GQA split,25,750.334,751.9016,38.76962917771641
64,4096,3,FP32 GQA merge,25,14.958,14.67,0.7564160789617946
64,4096,3,output projection,25,69.25,69.47328,3.5821885514802223
64,4096,3,attention residual,25,8.041,8.02828,0.413955015569693
64,4096,3,MLP RMSNorm,25,6.75,6.75176,0.3481349574158887
64,4096,3,gate projection,25,272.709,273.4166,14.097935412069898
64,4096,3,up projection,25,275.875,276.23987999999997,14.243509671607136
64,4096,3,SiLU,25,35.292,35.00508,1.804935607180909
64,4096,3,multiply,25,31.667,32.00344,1.650164730612751
64,4096,3,down projection,25,338.375,339.1034,17.484885084568027
64,4096,3,MLP residual,25,10.25,9.8568,0.5082373556312623
64,4096,20,attention RMSNorm,25,7.583,7.60176,0.06219273735607826
64,4096,20,Q projection,25,564.125,564.1666,4.615650215064887
64,4096,20,K projection,25,83.875,84.29492,0.689647110670638
64,4096,20,V projection,25,83.875,83.86164,0.6861022908865825
64,4096,20,Q RoPE,25,11.25,11.31992,0.09261234391138597
64,4096,20,K RoPE,25,5.667,5.68672,0.04652510515690542
64,4096,20,KV append,25,4.833,4.88492,0.03996529048081679
64,4096,20,FP32 GQA,25,2517.0,2516.93344,20.591939284672307
64,4096,20,output projection,25,558.792,558.5666,4.569834597471852
64,4096,20,attention residual,25,7.875,8.31328,0.06801393882568488
64,4096,20,MLP RMSNorm,25,6.875,6.97336,0.057051570553316854
64,4096,20,gate projection,25,2961.708,2965.6116,24.26273696340571
64,4096,20,up projection,25,2964.875,2967.97012,24.282032865263844
64,4096,20,SiLU,25,33.833,34.01992,0.2783292223688717
64,4096,20,multiply,25,32.25,32.30484,0.26429753497218156
64,4096,20,down projection,25,2360.75,2361.81672,19.32287351220694
64,4096,20,MLP residual,25,8.167,8.57992,0.07019541673193615
1,4096,0,attention RMSNorm,100,7.916,7.94083,2.426321331509079
1,4096,0,packed QKV projection,100,19.5625,19.7641,6.038922559490454
1,4096,0,QKV unpack,100,4.417,4.47918,1.368613857955508
1,4096,0,Q RoPE,100,6.458,6.48794,1.9823906593581544
1,4096,0,K RoPE,100,5.416,5.42125,1.6564634324678396
1,4096,0,KV append,100,4.1665,4.18914,1.2799921094744433
1,4096,0,FP32 GQA,100,63.375,63.82666,19.502241790464883
1,4096,0,output projection,100,17.0415,17.32956,5.295048640213488
1,4096,0,attention residual,100,2.9795,3.01047,0.9198493833601951
1,4096,0,MLP RMSNorm,100,6.708,6.73404,2.0575865368274346
1,4096,0,gate projection,100,51.917,52.78288,16.12781380315205
1,4096,0,up projection,100,54.0625,54.76916,16.734721838502246
1,4096,0,SiLU,100,3.958,4.01424,1.226551398505824
1,4096,0,multiply,100,3.417,3.47828,1.0627887715719135
1,4096,0,down projection,100,68.396,69.84375,21.340764189333765
1,4096,0,MLP residual,100,3.167,3.2071,0.9799296978127936
1,4096,20,attention RMSNorm,100,7.667,7.75874,2.272136384058566
1,4096,20,Q projection,100,17.291,17.46203,5.113731572719565
1,4096,20,K projection,100,12.75,12.76083,3.7369915906173
1,4096,20,V projection,100,12.583,12.69966,3.7190780398844665
1,4096,20,Q RoPE,100,6.792,6.85458,2.0073543662295896
1,4096,20,K RoPE,100,5.583,5.60414,1.6411647246019292
1,4096,20,KV append,100,4.292,4.33789,1.2703451461247333
1,4096,20,FP32 GQA,100,62.9375,63.44376,18.57941823511027
1,4096,20,output projection,100,16.833,17.14629,5.021267546098922
1,4096,20,attention residual,100,3.0,3.02747,0.8865904436346348
1,4096,20,MLP RMSNorm,100,6.708,6.73459,1.9722154590457956
1,4096,20,gate projection,100,50.8335,51.66674,15.13053405574798
1,4096,20,up projection,100,51.5,52.42243,15.351836837394126
1,4096,20,SiLU,100,3.9165,3.9608,1.1599148560177512
1,4096,20,multiply,100,3.458,3.4867,1.0210753202577998
1,4096,20,down projection,100,67.8125,68.97626,20.19960328381715
1,4096,20,MLP residual,100,3.084,3.13043,0.9167421386395802
