run,candidate,control,T,mode,control_median_us,candidate_median_us,control_samples,control_pooled_p10_us,control_pooled_p90_us,candidate_samples,candidate_pooled_p10_us,candidate_pooled_p90_us,ratio_min,ratio_median,ratio_max,improvement,noise_floor,accepted,regression
noise,0,0,1,hot,168.5,165.0,40,117.8,232.0,40,118.0,225.5,0.9739696312364425,0.9801753717117804,1.0,0.019824628288219626,0,False,False
noise,0,0,1,ring24,46.21875,46.47916666666667,40,42.90416666666666,51.7125,40,44.204166666666666,49.58333333333333,0.9664162615996464,1.007688191814144,1.075918762088975,-0.007688191814144041,0,False,False
noise,0,0,16,hot,122.25,122.0,40,115.0,128.1,40,118.0,130.0,0.991869918699187,1.000050185687042,1.0340425531914894,-5.018568704207027e-05,0,False,False
noise,0,0,16,ring24,48.40625,48.3125,40,43.858333333333334,53.400000000000006,40,45.829166666666666,53.78333333333333,0.960865945045795,1.0212127477692294,1.067219152854512,-0.021212747769229434,0,False,False
noise,0,0,64,hot,163.5,163.0,40,151.9,171.1,40,157.9,172.0,0.9763313609467456,1.0094241044143453,1.0149253731343284,-0.009424104414345269,0,False,False
noise,0,0,64,ring24,59.5,62.89583333333333,40,58.6875,60.09583333333334,40,59.079166666666666,70.97916666666666,0.9933820968303727,1.0608078650350423,1.184744576627012,-0.06080786503504232,0,False,True
noise,0,0,256,hot,288.0,282.25,40,263.0,310.0,40,261.9,307.1,0.9675324675324676,0.9799062937738492,1.0113851992409868,0.02009370622615081,0,False,False
noise,0,0,256,ring24,163.51041666666669,163.45833333333331,40,162.15833333333333,164.29166666666666,40,161.90416666666667,164.13333333333333,0.9945264765784113,0.9996821534666764,1.0038255547054322,0.0003178465333235625,0,False,False
noise,0,0,1024,hot,687.75,687.0,40,667.9,712.2,40,669.8,702.0,0.9886845827439887,0.9956765158843295,1.0044510385756678,0.004323484115670517,0,False,False
noise,0,0,1024,ring24,582.15625,579.1145833333333,40,572.0708333333333,597.4250000000001,40,576.0083333333333,592.3041666666667,0.9908436653840671,0.9986925244641098,1.0058183933961233,0.001307475535890168,0,False,False
noise,0,0,4096,hot,2394.75,2395.0,40,2361.0,2475.4,40,2364.4,2475.0,0.9838742600530721,1.0001056702278057,1.0044080604534005,-0.00010567022780572088,0,False,False
noise,0,0,4096,ring24,2560.4375,2560.364583333333,40,2556.3333333333335,2564.7583333333337,40,2557.7458333333334,2563.266666666667,0.9993171286887245,0.999992230179801,1.001197829240071,7.769820199010624e-06,0,False,False
fused,1,0,1,hot,197.75,135.25,40,138.9,225.1,40,111.0,163.60000000000002,0.6658031088082902,0.7125326514339135,0.8256227758007118,0.28746734856608647,0.026030368763557465,True,False
fused,2,0,1,hot,196.75,137.0,40,132.0,211.1,40,109.9,154.1,0.6902173913043478,0.7103591317195136,0.8333333333333334,0.2896408682804864,0.026030368763557465,True,False
fused,3,0,1,hot,169.5,126.0,40,133.0,213.0,40,108.9,152.1,0.6247030878859857,0.7891998869098106,0.8456140350877193,0.21080011309018942,0.026030368763557465,True,False
fused,4,0,1,hot,175.5,144.75,40,128.0,219.0,40,114.9,172.1,0.7416267942583732,0.8429143791198053,0.9471830985915493,0.15708562088019473,0.026030368763557465,True,False
fused,1,0,1,ring24,46.666666666666664,17.3125,40,44.77916666666666,56.075,40,15.954166666666667,19.825000000000003,0.3491418247515809,0.3719944399016186,0.39413265306122447,0.6280055600983814,0.07591876208897497,True,False
fused,2,0,1,ring24,46.69791666666667,17.604166666666664,40,42.1375,51.22083333333334,40,15.654166666666667,19.5,0.3537473233404711,0.37332258214764413,0.44215686274509797,0.6266774178523559,0.07591876208897497,True,False
fused,3,0,1,ring24,47.96875,17.010416666666664,40,45.325,52.7625,40,16.329166666666666,18.4625,0.3391666666666666,0.3536392145794006,0.36925795053003535,0.6463607854205994,0.07591876208897497,True,False
fused,4,0,1,ring24,47.13541666666667,17.135416666666664,40,41.583333333333336,50.72083333333333,40,15.0375,18.879166666666666,0.3577661431064572,0.36706961178045516,0.38747810858143605,0.6329303882195448,0.07591876208897497,True,False
fused,1,0,16,hot,213.0,129.25,40,131.9,220.1,40,121.9,146.3,0.5995260663507109,0.6391685250079644,0.9172932330827067,0.3608314749920356,0.03404255319148941,True,False
fused,2,0,16,hot,193.5,128.25,40,148.6,225.1,40,117.9,140.0,0.5707547169811321,0.691151765828826,0.7993311036789298,0.308848234171174,0.03404255319148941,True,False
fused,3,0,16,hot,217.75,126.0,40,172.9,229.0,40,114.6,135.0,0.5586854460093896,0.5915294352126361,0.6896551724137931,0.4084705647873639,0.03404255319148941,True,False
fused,4,0,16,hot,217.75,130.0,40,172.9,230.1,40,120.0,138.0,0.574468085106383,0.6053335431088736,0.7146974063400576,0.39466645689112645,0.03404255319148941,True,False
fused,1,0,16,ring24,47.614583333333336,17.677083333333332,40,43.17916666666667,57.03333333333333,40,15.875,19.9625,0.3513298928146089,0.36339503203917556,0.38290598290598293,0.6366049679608244,0.06721915285451208,True,False
fused,2,0,16,ring24,48.69791666666667,18.197916666666668,40,42.78333333333333,60.01666666666667,40,16.150000000000002,19.858333333333334,0.36972281449893385,0.3780042399363802,0.3795309168443496,0.6219957600636198,0.06721915285451208,True,False
fused,3,0,16,ring24,47.78125,18.260416666666664,40,42.2875,55.93750000000001,40,16.1625,20.8,0.3795233892321271,0.38547742501002835,0.42575107296137343,0.6145225749899716,0.06721915285451208,True,False
fused,4,0,16,ring24,45.34375,16.760416666666664,40,41.99583333333334,52.520833333333336,40,15.858333333333334,18.19166666666667,0.35417558886509637,0.37261749620857054,0.38053527980535284,0.6273825037914295,0.06721915285451208,True,False
fused,1,0,64,hot,203.25,142.0,40,171.0,335.0,40,124.0,192.0,0.5774436090225564,0.7018539117538005,0.7309941520467836,0.2981460882461995,0.023668639053254448,True,False
fused,2,0,64,hot,203.5,125.0,40,159.9,333.0,40,110.9,161.1,0.48348348348348347,0.6211798152096659,0.69375,0.3788201847903341,0.023668639053254448,True,False
fused,3,0,64,hot,247.5,116.75,40,162.0,334.1,40,95.0,138.0,0.4066265060240964,0.5038996049267952,0.600609756097561,0.4961003950732048,0.023668639053254448,True,False
fused,4,0,64,hot,238.0,111.75,40,156.0,333.0,40,98.0,141.0,0.3921259842519685,0.5243329143046892,0.6305732484076433,0.4756670856953108,0.023668639053254448,True,False
fused,1,0,64,ring24,59.22916666666667,26.40625,40,58.9125,60.1875,40,26.158333333333335,27.041666666666668,0.4388888888888889,0.445831861043559,0.45181786092481474,0.554168138956441,0.18474457662701194,True,False
fused,2,0,64,ring24,59.38541666666667,18.3125,40,58.82083333333333,62.00833333333333,40,17.270833333333336,21.145833333333332,0.29335209285965524,0.30930349476692187,0.341488989863684,0.6906965052330781,0.18474457662701194,True,False
fused,3,0,64,ring24,59.61458333333333,17.1875,40,58.7875,62.087500000000006,40,16.708333333333332,19.083333333333336,0.2805928990003447,0.2882246662275417,0.3115155757787889,0.7117753337724583,0.18474457662701194,True,False
fused,4,0,64,ring24,59.260416666666664,19.65625,40,58.9125,59.75416666666667,40,17.2375,21.4625,0.29184247538677915,0.3317499213373334,0.3388284812346545,0.6682500786626666,0.18474457662701194,True,False
fused,1,0,256,hot,285.25,194.0,40,257.0,313.0,40,176.0,202.0,0.6396103896103896,0.6735887257480829,0.7180451127819549,0.32641127425191707,0.03246753246753242,True,False
fused,2,0,256,hot,298.25,144.25,40,258.0,332.0,40,133.9,156.0,0.4375,0.4970945026332919,0.5390334572490706,0.5029054973667081,0.03246753246753242,True,False
fused,3,0,256,hot,289.5,122.5,40,257.0,356.1,40,112.9,128.0,0.35774647887323946,0.4221158219212694,0.44649446494464945,0.5778841780787306,0.03246753246753242,True,False
fused,4,0,256,hot,305.0,117.5,40,258.0,376.3,40,101.9,123.1,0.30319148936170215,0.3759099136457627,0.455743879472693,0.6240900863542374,0.03246753246753242,True,False
fused,1,0,256,ring24,163.65625,85.375,40,162.63333333333333,164.42499999999998,40,84.79166666666667,86.20833333333333,0.5186457935598829,0.5213401493059568,0.5239368474662592,0.47865985069404315,0.0054735234215886885,True,False
fused,2,0,256,ring24,163.63541666666666,41.520833333333336,40,161.45416666666668,164.45833333333334,40,41.2,41.795833333333334,0.25342027873673445,0.25373988797915004,0.2549293982953823,0.74626011202085,0.0054735234215886885,True,False
fused,3,0,256,ring24,163.76041666666669,19.15625,40,162.7875,164.62916666666666,40,17.566666666666666,20.85,0.10780811431487623,0.1169759978745139,0.12035510462904252,0.883024002125486,0.0054735234215886885,True,False
fused,4,0,256,ring24,163.70833333333334,18.104166666666668,40,162.9125,164.25,40,17.041666666666668,21.883333333333333,0.10574478901881039,0.11068471239139441,0.13235668789808916,0.8893152876086056,0.0054735234215886885,True,False
fused,1,0,1024,hot,691.75,415.5,40,674.9,712.1,40,393.9,441.0,0.5813097866077999,0.5991559332318552,0.6115056818181818,0.40084406676814477,0.011315417256011262,True,False
fused,2,0,1024,hot,689.25,256.25,40,673.0,711.2,40,239.0,273.1,0.3552437223042836,0.3698391532627719,0.3856022808267997,0.6301608467372282,0.011315417256011262,True,False
fused,3,0,1024,hot,687.0,157.25,40,660.8,708.0,40,130.0,175.1,0.1965230536659108,0.22741737488196412,0.24964234620886983,0.7725826251180359,0.011315417256011262,True,False
fused,4,0,1024,hot,683.25,137.25,40,671.0,700.2,40,128.9,160.1,0.19054652880354506,0.2014770144843928,0.22857142857142856,0.7985229855156072,0.011315417256011262,True,False
fused,1,0,1024,ring24,579.5416666666666,315.94791666666663,40,576.325,593.3416666666667,40,312.1625,336.0416666666667,0.5331593057711302,0.5433798891222137,0.5497073910844591,0.4566201108777863,0.009156334615932904,True,False
fused,2,0,1024,ring24,580.5833333333333,147.54166666666666,40,575.3208333333333,596.3833333333333,40,144.16666666666666,150.09583333333333,0.25042503165129315,0.25371249383520666,0.25564207945778356,0.7462875061647933,0.009156334615932904,True,False
fused,3,0,1024,ring24,583.4375,43.09375,40,580.0666666666667,604.1583333333334,40,42.86666666666667,43.791666666666664,0.07164231036882393,0.07400843533183435,0.07491775139465028,0.9259915646681657,0.009156334615932904,True,False
fused,4,0,1024,ring24,579.3333333333333,29.083333333333336,40,575.8208333333333,595.9833333333333,40,27.704166666666666,30.3,0.04691523510529471,0.050201443647412705,0.050807646442380665,0.9497985563525873,0.009156334615932904,True,False
fused,1,0,4096,hot,2390.5,1349.75,40,2338.9,2472.0,40,1325.1,1430.5,0.5637203443208062,0.5665922846879434,0.580954365492811,0.4334077153120566,0.016125739946927897,True,False
fused,2,0,4096,hot,2393.5,708.0,40,2347.0,2481.2,40,666.0,779.0,0.2844556324732536,0.29308422060223127,0.3028331584470094,0.7069157793977687,0.016125739946927897,True,False
fused,3,0,4096,hot,2389.25,273.5,40,2350.3,2474.1,40,257.0,284.0,0.1088921589236914,0.11373718345719791,0.11820480404551201,0.8862628165428021,0.016125739946927897,True,False
fused,4,0,4096,hot,2392.0,214.0,40,2351.0,2473.2,40,188.9,222.1,0.08026260059296908,0.0892307098350387,0.0910981697171381,0.9107692901649613,0.016125739946927897,True,False
fused,1,0,4096,ring24,2558.375,1611.6354166666667,40,2554.0750000000003,2561.1833333333334,40,1607.6625000000001,1615.6083333333333,0.6282964639597464,0.6297373281635056,0.6320644682430282,0.3702626718364944,0.0011978292400709467,True,False
fused,2,0,4096,ring24,2558.875,730.1875,40,2556.0958333333333,2566.5208333333335,40,726.6583333333333,732.5916666666667,0.28344117097881943,0.285543165406825,0.2861222995239839,0.714456834593175,0.0011978292400709467,True,False
fused,3,0,4096,ring24,2559.0104166666665,188.89583333333334,40,2557.2958333333336,2566.0916666666667,40,187.77916666666667,189.54166666666666,0.07345573248666248,0.07381778798490633,0.07399083054422267,0.9261822120150937,0.0011978292400709467,True,False
fused,4,0,4096,ring24,2558.09375,70.46875,40,2554.0458333333336,2567.8583333333336,40,69.82916666666667,71.33333333333333,0.027304889725571654,0.02752292835676719,0.027737012034047548,0.9724770716432328,0.0011978292400709467,True,False
split-baseline,5,0,1,hot,205.5,135.75,40,139.8,226.0,40,119.0,155.2,0.6233766233766234,0.6875614765586378,0.8607142857142858,0.31243852344136225,0.026030368763557465,True,False
split-baseline,6,0,1,hot,173.75,136.25,40,134.0,215.3,40,115.0,166.1,0.7333333333333333,0.7876814988290398,0.8810408921933085,0.21231850117096018,0.026030368763557465,True,False
split-baseline,7,0,1,hot,175.25,161.75,40,129.0,214.1,40,118.9,197.2,0.91725768321513,0.9256828978622328,0.9266409266409267,0.07431710213776721,0.026030368763557465,True,False
split-baseline,5,0,1,ring24,47.645833333333336,33.16666666666667,40,43.90416666666667,51.25,40,30.075,36.62916666666666,0.6514591039868476,0.7133144712104036,0.7364232209737827,0.2866855287895964,0.07591876208897497,True,False
split-baseline,6,0,1,ring24,45.947916666666664,32.08333333333333,40,42.725,50.9625,40,27.625,35.375,0.6256830601092896,0.6914618809248552,0.7142212189616253,0.30853811907514483,0.07591876208897497,True,False
split-baseline,7,0,1,ring24,47.78125,32.44791666666667,40,42.2875,52.30416666666667,40,30.983333333333334,37.31666666666667,0.6596858638743456,0.6757675856519714,0.7789770061004223,0.32423241434802863,0.07591876208897497,True,False
split-baseline,5,0,16,hot,172.75,118.25,40,119.9,221.1,40,109.0,121.0,0.5328798185941043,0.6903074474323532,0.925,0.30969255256764683,0.03404255319148941,True,False
split-baseline,6,0,16,hot,172.75,126.25,40,131.0,176.1,40,110.9,139.3,0.688953488372093,0.7704652120214079,0.8345864661654135,0.22953478797859206,0.03404255319148941,True,False
split-baseline,7,0,16,hot,154.75,130.0,40,128.0,222.1,40,104.9,148.0,0.7835820895522388,0.7997239475500345,0.8720538720538721,0.2002760524499655,0.03404255319148941,True,False
split-baseline,5,0,16,ring24,51.70833333333333,32.34375,40,46.12083333333334,55.833333333333336,40,30.254166666666666,35.31666666666666,0.5875047045540083,0.6283120264823613,0.6828836797877046,0.3716879735176387,0.06721915285451208,True,False
split-baseline,6,0,16,ring24,48.760416666666664,33.260416666666664,40,42.208333333333336,53.00416666666666,40,30.21666666666667,37.34583333333333,0.6375752364574377,0.6774736227937959,0.7866983372921614,0.32252637720620414,0.06721915285451208,True,False
split-baseline,7,0,16,ring24,48.302083333333336,35.14583333333333,40,45.12083333333334,53.733333333333334,40,31.366666666666667,37.75416666666667,0.6958525345622119,0.7227540723788652,0.7784482758620689,0.27724592762113476,0.06721915285451208,True,False
split-baseline,5,0,64,hot,186.5,118.25,40,153.9,209.1,40,109.0,122.0,0.5690072639225182,0.6441226482365202,0.7177177177177178,0.3558773517634798,0.023668639053254448,True,False
split-baseline,6,0,64,hot,186.25,114.75,40,162.9,231.0,40,109.0,122.2,0.5086580086580087,0.6279543602281988,0.6727272727272727,0.37204563977180116,0.023668639053254448,True,False
split-baseline,7,0,64,hot,185.5,124.5,40,163.9,231.1,40,118.0,144.1,0.6176470588235294,0.6664826529154273,0.7387387387387387,0.3335173470845727,0.023668639053254448,True,False
split-baseline,5,0,64,ring24,59.3125,35.19791666666667,40,58.875,64.96666666666667,40,31.89166666666667,48.291666666666664,0.5491445823549145,0.5866004228042893,0.8146976090014064,0.41339957719571074,0.18474457662701194,True,False
split-baseline,6,0,64,ring24,59.46875,36.302083333333336,40,58.87083333333334,59.84166666666667,40,32.2875,40.5875,0.5662228451296426,0.6095668711701492,0.6323581247796968,0.3904331288298508,0.18474457662701194,True,False
split-baseline,7,0,64,ring24,59.59375,35.041666666666664,40,58.829166666666666,60.18333333333333,40,32.22083333333333,39.36666666666667,0.5790402258292167,0.5860645045054232,0.6224632610216935,0.41393549549457676,0.18474457662701194,True,False
split-baseline,5,0,256,hot,276.25,129.75,40,264.9,288.1,40,124.6,133.1,0.4548611111111111,0.46898146327394763,0.48872180451127817,0.5310185367260524,0.03246753246753242,True,False
split-baseline,6,0,256,hot,278.0,118.5,40,265.9,308.0,40,110.0,125.1,0.375,0.4267676767676768,0.4479553903345725,0.5732323232323232,0.03246753246753242,True,False
split-baseline,7,0,256,hot,279.5,119.75,40,262.0,300.0,40,116.9,123.0,0.40472175379426645,0.43104023347925785,0.4492481203007519,0.5689597665207422,0.03246753246753242,True,False
split-baseline,5,0,256,ring24,163.64583333333331,35.84375,40,161.9,164.25833333333333,40,33.041666666666664,39.3125,0.20476251114223865,0.21890584292161847,0.23224322943280534,0.7810941570783816,0.0054735234215886885,True,False
split-baseline,6,0,256,ring24,163.92708333333334,34.604166666666664,40,163.52916666666667,164.50833333333333,40,32.375,40.166666666666664,0.20007621951219512,0.2110327691876568,0.23445645263827078,0.7889672308123432,0.0054735234215886885,True,False
split-baseline,7,0,256,ring24,163.91666666666666,36.04166666666667,40,163.33333333333334,164.5125,40,33.454166666666666,39.8125,0.20754477327575263,0.21994813049063544,0.2223070075034974,0.7800518695093646,0.0054735234215886885,True,False
split-baseline,5,0,1024,hot,689.0,187.0,40,670.6,707.5,40,165.0,200.1,0.24962852897473997,0.2711894586894587,0.28328611898017,0.7288105413105412,0.011315417256011262,True,False
split-baseline,6,0,1024,hot,690.5,141.75,40,675.9,704.1,40,128.0,157.0,0.19321533923303835,0.20486485100271837,0.21794871794871795,0.7951351489972817,0.011315417256011262,True,False
split-baseline,7,0,1024,hot,687.75,141.0,40,664.7,706.1,40,126.9,156.2,0.189873417721519,0.20482235381199113,0.21828490432317504,0.7951776461880089,0.011315417256011262,True,False
split-baseline,5,0,1024,ring24,581.625,83.3125,40,574.8666666666667,589.6458333333333,40,80.53750000000001,89.37916666666666,0.14018115942028986,0.14324254132811798,0.15204449039249937,0.856757458671882,0.009156334615932904,True,False
split-baseline,6,0,1024,ring24,582.7916666666666,52.427083333333336,40,577.45,594.5541666666667,40,50.975,55.208333333333336,0.089157913476945,0.0904225575704001,0.09076553134981877,0.9095774424295999,0.009156334615932904,True,False
split-baseline,7,0,1024,ring24,580.1354166666667,53.3125,40,577.1666666666666,588.3333333333334,40,51.35,55.016666666666666,0.09077514644050742,0.09203896630264133,0.09219120074642932,0.9079610336973587,0.009156334615932904,True,False
split-baseline,5,0,4096,hot,2394.5,399.75,40,2362.8,2487.3,40,388.0,411.6,0.1626594187748275,0.16678253619969055,0.16955161626694473,0.8332174638003095,0.016125739946927897,True,False
split-baseline,6,0,4096,hot,2399.5,210.25,40,2353.7,2476.5,40,195.8,222.0,0.08321228470637061,0.08763040048846951,0.09353128313891834,0.9123695995115305,0.016125739946927897,True,False
split-baseline,7,0,4096,hot,2386.75,183.75,40,2352.4,2485.1,40,173.9,199.0,0.07558626465661641,0.07713468095609517,0.0819773429454171,0.9228653190439048,0.016125739946927897,True,False
split-baseline,5,0,4096,ring24,2562.2916666666665,365.84375,40,2560.3333333333335,2564.9708333333333,40,364.8625,366.6666666666667,0.14238693161038643,0.14277021483336358,0.14310814658152685,0.8572297851666364,0.0011978292400709467,True,False
split-baseline,6,0,4096,ring24,2559.135416666667,107.01041666666666,40,2557.3125,2562.625,40,106.65833333333333,107.59166666666667,0.04174187358732947,0.04181506911560496,0.041955080701640085,0.958184930884395,0.0011978292400709467,True,False
split-baseline,7,0,4096,ring24,2559.7083333333335,65.0,40,2558.2125,2562.1916666666666,40,64.41666666666667,65.25,0.025353236098450315,0.025395171167327833,0.025421041075392982,0.9746048288326722,0.0011978292400709467,True,False
split-best-fused,5,4,1,hot,149.75,148.25,40,133.0,184.3,40,128.0,169.1,0.9073569482288828,0.9609782052876709,1.021341463414634,0.03902179471232914,0.026030368763557465,False,False
split-best-fused,6,4,1,hot,146.5,147.25,40,132.0,160.0,40,128.0,165.0,0.9853479853479854,1.0068899724401104,1.0319488817891374,-0.006889972440110359,0.026030368763557465,False,False
split-best-fused,7,4,1,hot,148.25,186.5,40,130.6,165.0,40,175.0,196.0,1.203125,1.2601646937725168,1.3175182481751824,-0.26016469377251683,0.026030368763557465,False,True
split-best-fused,5,4,1,ring24,16.708333333333336,31.71875,40,15.2875,18.866666666666667,40,28.829166666666666,35.641666666666666,1.75,1.8820496632996635,2.0962059620596203,-0.8820496632996635,0.07591876208897497,False,True
split-best-fused,6,4,1,ring24,17.4375,31.9375,40,15.454166666666667,19.495833333333337,40,30.245833333333334,35.0125,1.8037602820211518,1.8331016938808347,2.0039787798408484,-0.8331016938808347,0.07591876208897497,False,True
split-best-fused,7,4,1,ring24,17.010416666666664,32.77083333333333,40,15.716666666666667,18.200000000000003,40,28.9875,35.9625,1.6710369487485104,1.9221650530638554,2.0203303684879286,-0.9221650530638554,0.07591876208897497,False,True
split-best-fused,5,4,16,hot,136.5,132.75,40,130.9,143.2,40,127.9,138.1,0.9363957597173145,0.9723720043572985,0.9927007299270073,0.027627995642701464,0.03404255319148941,False,False
split-best-fused,6,4,16,hot,138.25,136.25,40,132.0,141.0,40,124.9,145.1,0.9819494584837545,0.9908058188950637,1.0179856115107915,0.009194181104936305,0.03404255319148941,False,False
split-best-fused,7,4,16,hot,135.5,185.0,40,132.0,139.1,40,174.0,189.0,1.3051470588235294,1.3703703703703702,1.3823529411764706,-0.37037037037037024,0.03404255319148941,False,True
split-best-fused,5,4,16,ring24,18.177083333333332,33.416666666666664,40,16.695833333333333,20.583333333333332,40,30.858333333333334,37.175,1.7121535181236673,1.8156313810203328,2.0204819277108435,-0.8156313810203328,0.06721915285451208,False,True
split-best-fused,6,4,16,ring24,17.947916666666668,32.885416666666664,40,16.2375,20.341666666666665,40,30.954166666666666,35.4125,1.7243660418963618,1.8722071671250604,1.9460784313725488,-0.8722071671250604,0.06721915285451208,False,True
split-best-fused,7,4,16,ring24,18.0,33.52083333333333,40,17.0125,20.383333333333333,40,31.233333333333334,37.487500000000004,1.8105022831050226,1.8887876437209106,1.9072769953051643,-0.8887876437209106,0.06721915285451208,False,True
split-best-fused,5,4,64,hot,139.75,145.0,40,133.0,144.0,40,141.0,148.0,1.0211267605633803,1.04119620042502,1.0583941605839415,-0.041196200425019924,0.023668639053254448,False,False
split-best-fused,6,4,64,hot,134.5,138.25,40,129.0,142.1,40,133.9,149.1,0.9823321554770318,1.0212827746432127,1.0694980694980696,-0.02128277464321271,0.023668639053254448,False,False
split-best-fused,7,4,64,hot,136.0,193.5,40,110.0,143.1,40,164.0,197.1,1.3898916967509025,1.426678705189941,1.4841628959276019,-0.426678705189941,0.023668639053254448,False,True
split-best-fused,5,4,64,ring24,19.135416666666668,36.23958333333333,40,17.7,20.7125,40,32.87083333333334,40.1375,1.8486842105263157,1.890762512715634,1.978213507625272,-0.890762512715634,0.18474457662701194,False,True
split-best-fused,6,4,64,ring24,19.5625,33.89583333333333,40,18.283333333333335,21.09583333333333,40,31.191666666666666,39.45833333333333,1.5571428571428574,1.7389436602015187,1.934042553191489,-0.7389436602015187,0.18474457662701194,False,True
split-best-fused,7,4,64,ring24,19.385416666666664,35.395833333333336,40,16.829166666666666,21.183333333333334,40,33.27916666666666,39.2125,1.6912955465587043,1.8664768723561065,2.0595382746051034,-0.8664768723561065,0.18474457662701194,False,True
split-best-fused,5,4,256,hot,144.75,184.25,40,130.9,155.1,40,140.9,195.1,1.0254545454545454,1.2614917976760083,1.304832713754647,-0.2614917976760083,0.03246753246753242,False,True
split-best-fused,6,4,256,hot,149.75,136.25,40,111.8,156.0,40,107.8,159.0,0.7818791946308725,0.9968487394957983,1.0365448504983388,0.0031512605042016695,0.03246753246753242,False,False
split-best-fused,7,4,256,hot,134.5,168.0,40,112.0,144.70000000000002,40,115.8,208.1,1.0357142857142858,1.236431623931624,1.4424460431654675,-0.23643162393162398,0.03246753246753242,False,True
split-best-fused,5,4,256,ring24,18.53125,33.72916666666667,40,16.608333333333334,20.883333333333333,40,31.1625,39.3375,1.7609805924412667,1.8234560539937075,1.8830049261083746,-0.8234560539937075,0.0054735234215886885,False,True
split-best-fused,6,4,256,ring24,18.59375,35.32291666666667,40,17.008333333333333,20.687500000000004,40,31.245833333333334,38.59583333333334,1.8151260504201678,1.8381653041248758,1.9519450800915332,-0.8381653041248758,0.0054735234215886885,False,True
split-best-fused,7,4,256,ring24,17.895833333333336,33.92708333333333,40,16.720833333333335,21.087500000000002,40,31.208333333333332,38.875,1.7722567287784678,1.8733975549250583,1.9596412556053808,-0.8733975549250583,0.0054735234215886885,False,True
split-best-fused,5,4,1024,hot,132.0,188.5,40,117.9,207.3,40,170.0,379.2,1.388663967611336,1.4585792152799675,1.8353510895883778,-0.4585792152799675,0.011315417256011262,False,True
split-best-fused,6,4,1024,hot,138.5,138.0,40,120.0,208.1,40,118.0,203.1,0.9782608695652174,0.9844970076944999,1.003787878787879,0.015502992305500118,0.011315417256011262,False,False
split-best-fused,7,4,1024,hot,137.0,136.5,40,120.8,207.0,40,119.0,243.0,0.972972972972973,1.0045352926936935,1.173913043478261,-0.00453529269369346,0.011315417256011262,False,False
split-best-fused,5,4,1024,ring24,26.46875,83.26041666666666,40,26.120833333333334,27.05,40,81.26666666666667,93.38333333333333,3.1222397476340693,3.1502758521014096,3.256873527101335,-2.1502758521014096,0.009156334615932904,False,True
split-best-fused,6,4,1024,ring24,26.458333333333336,35.32291666666667,40,26.083333333333332,27.058333333333334,40,33.75416666666666,38.21666666666667,1.2902458366375888,1.3341504603148662,1.3775510204081631,-0.33415046031486617,0.009156334615932904,False,True
split-best-fused,7,4,1024,ring24,26.583333333333336,42.65625,40,26.079166666666666,27.045833333333334,40,34.87083333333334,53.25833333333333,1.3283699059561127,1.6080343980948142,1.9796238244514108,-0.6080343980948142,0.009156334615932904,False,True
split-best-fused,5,4,4096,hot,206.0,388.5,40,182.0,293.20000000000005,40,369.0,701.6,1.8768115942028984,1.9709126239614043,2.389655172413793,-0.9709126239614043,0.016125739946927897,False,True
split-best-fused,6,4,4096,hot,187.0,183.75,40,181.9,207.1,40,176.9,201.2,0.9637681159420289,0.9715034706837986,0.9973544973544973,0.02849652931620139,0.016125739946927897,False,False
split-best-fused,7,4,4096,hot,203.75,179.75,40,186.9,405.1,40,162.9,381.1,0.8716577540106952,0.882214433685022,0.9440993788819876,0.11778556631497805,0.016125739946927897,True,False
split-best-fused,5,4,4096,ring24,70.63541666666667,365.83333333333337,40,70.16666666666667,71.20833333333333,40,364.5,366.42083333333335,5.154548130703561,5.17387849227581,5.215261282660332,-4.17387849227581,0.0011978292400709467,False,True
split-best-fused,6,4,4096,ring24,70.59375,106.86458333333334,40,68.66250000000001,71.29583333333333,40,105.86666666666667,107.50416666666666,1.500441826215022,1.5145348610549672,1.5526235972095845,-0.5145348610549672,0.0011978292400709467,False,True
split-best-fused,7,4,4096,ring24,70.1875,64.44791666666667,40,69.2375,71.00833333333334,40,63.4,65.12916666666666,0.9001178550383029,0.9178042884130009,0.9365413533834586,0.08219571158699912,0.0011978292400709467,True,False
verified-reuse-control,8,7,1,hot,193.5,190.0,40,118.4,214.0,40,117.7,207.1,0.9685990338164251,0.983781512605042,0.9972222222222222,0.016218487394958014,0.026030368763557465,False,False
verified-reuse-control,9,7,1,hot,184.0,182.5,40,116.8,199.2,40,113.9,202.1,0.9744680851063829,0.989693446088795,1.002865329512894,0.010306553911205052,0.026030368763557465,False,False
verified-reuse-control,10,7,1,hot,180.75,177.25,40,109.0,199.2,40,109.0,189.2,0.9566326530612245,0.9806473829201101,1.0,0.01935261707988989,0.026030368763557465,False,False
verified-reuse-control,8,7,1,ring24,30.395833333333332,32.46875,40,29.270833333333336,69.79166666666667,40,28.2125,35.12916666666667,0.4606875934230195,1.0114324540728294,1.1028691392582226,-0.011432454072829445,0.07591876208897497,False,False
verified-reuse-control,9,7,1,ring24,30.96875,31.479166666666668,40,28.829166666666666,34.69166666666667,40,28.162499999999998,34.3625,0.9391634980988594,1.0168959665910886,1.1261516654854715,-0.016895966591088607,0.07591876208897497,False,False
verified-reuse-control,10,7,1,ring24,32.22916666666667,32.635416666666664,40,27.65416666666667,34.9375,40,27.316666666666666,35.4125,0.9872468117029256,1.0126415850421175,1.0261813537675608,-0.012641585042117542,0.07591876208897497,False,False
verified-reuse-control,8,7,16,hot,158.5,128.25,40,129.0,190.2,40,107.0,180.1,0.6382978723404256,0.8919792415990134,1.0340909090909092,0.10802075840098657,0.03404255319148941,False,False
verified-reuse-control,9,7,16,hot,138.5,131.25,40,132.0,189.1,40,124.9,179.0,0.9197080291970803,0.9461626139817629,0.9702602230483272,0.053837386018237066,0.03404255319148941,True,False
verified-reuse-control,10,7,16,hot,162.5,151.5,40,120.0,190.0,40,119.3,176.2,0.9032258064516129,0.9549448441247002,0.9917695473251029,0.045055155875299846,0.03404255319148941,False,False
verified-reuse-control,8,7,16,ring24,34.14583333333333,32.53125,40,29.666666666666664,36.92916666666667,40,28.829166666666666,35.99166666666667,0.9426180514046623,0.95272633934438,0.9734265734265735,0.04727366065562,0.06721915285451208,False,False
verified-reuse-control,9,7,16,ring24,32.958333333333336,33.322916666666664,40,29.275000000000002,35.85,40,29.02916666666667,38.05416666666667,0.9796633941093968,1.0047809604376212,1.0348542458808616,-0.004780960437621218,0.06721915285451208,False,False
verified-reuse-control,10,7,16,ring24,35.21875,33.03125,40,31.8,48.50416666666667,40,29.345833333333335,36.61666666666667,0.6366083445491252,0.9387129840546695,1.0327160493827159,0.06128701594533048,0.06721915285451208,False,False
verified-reuse-control,8,7,64,hot,134.5,132.75,40,125.9,195.2,40,121.0,186.0,0.9151670951156813,0.9655169981661729,0.9923076923076923,0.03448300183382713,0.023668639053254448,False,False
verified-reuse-control,9,7,64,hot,137.75,124.75,40,126.0,194.1,40,118.9,178.2,0.8698630136986302,0.9280624620982414,0.9459459459459459,0.07193753790175861,0.023668639053254448,True,False
verified-reuse-control,10,7,64,hot,158.25,142.0,40,119.0,194.5,40,108.0,179.1,0.8911290322580645,0.8996289424860853,0.9093264248704663,0.10037105751391473,0.023668639053254448,True,False
verified-reuse-control,8,7,64,ring24,35.375,35.854166666666664,40,32.7375,40.229166666666664,40,33.333333333333336,40.170833333333334,0.9728966685488425,1.0009929556354915,1.0926380368098159,-0.0009929556354915103,0.18474457662701194,False,False
verified-reuse-control,9,7,64,ring24,36.75,34.65625,40,33.954166666666666,56.658333333333374,40,32.86666666666667,38.52916666666667,0.6730769230769232,0.9618312710911135,0.9952746603662139,0.03816872890888645,0.18474457662701194,False,False
verified-reuse-control,10,7,64,ring24,36.53125,35.22916666666667,40,31.625,49.67916666666667,40,32.795833333333334,38.74583333333334,0.7111486486486488,0.970516003292738,1.0998685939553219,0.029483996707261984,0.18474457662701194,False,False
verified-reuse-control,8,7,256,hot,136.5,138.5,40,132.9,157.3,40,130.0,189.2,0.9632352941176471,1.0165445632558514,1.20327868852459,-0.016544563255851408,0.03246753246753242,False,False
verified-reuse-control,9,7,256,hot,138.75,132.75,40,129.0,155.70000000000002,40,119.9,144.2,0.9266409266409267,0.9568233332464893,0.9692832764505119,0.04317666675351073,0.03246753246753242,False,False
verified-reuse-control,10,7,256,hot,141.25,132.0,40,128.0,206.0,40,119.0,152.1,0.6820388349514563,0.9148198401929746,0.9695817490494296,0.08518015980702542,0.03246753246753242,True,False
verified-reuse-control,8,7,256,ring24,35.458333333333336,36.052083333333336,40,32.22083333333333,40.05,40,33.24166666666667,39.94166666666666,0.9134063641105896,1.0008830726232296,1.0737100737100738,-0.0008830726232296193,0.0054735234215886885,False,False
verified-reuse-control,9,7,256,ring24,35.03125,36.5625,40,33.041666666666664,39.75,40,33.34166666666667,40.975,1.003426613363792,1.043576286221171,1.086794792312461,-0.043576286221171046,0.0054735234215886885,False,False
verified-reuse-control,10,7,256,ring24,35.854166666666664,34.29166666666667,40,33.300000000000004,39.145833333333336,40,32.833333333333336,38.8875,0.9286523216308041,0.965462573851561,1.0093731693028707,0.03453742614843902,0.0054735234215886885,False,False
verified-reuse-control,8,7,1024,hot,161.5,150.0,40,145.9,242.3,40,136.0,220.1,0.8148148148148148,0.9177262817357057,1.064406779661017,0.0822737182642943,0.011315417256011262,False,False
verified-reuse-control,9,7,1024,hot,156.5,136.0,40,141.9,246.0,40,129.9,207.0,0.7909090909090909,0.879174906613931,0.918918918918919,0.12082509338606895,0.011315417256011262,True,False
verified-reuse-control,10,7,1024,hot,158.0,139.0,40,126.0,244.2,40,125.7,207.0,0.8483606557377049,0.8800466932335065,1.0,0.11995330676649352,0.011315417256011262,False,False
verified-reuse-control,8,7,1024,ring24,35.635416666666664,35.20833333333333,40,34.954166666666666,39.72083333333333,40,33.483333333333334,39.55416666666667,0.9575221238938053,0.9716254358567581,1.001179245283019,0.02837456414324191,0.009156334615932904,False,False
verified-reuse-control,9,7,1024,ring24,38.34375,34.84375,40,34.89583333333333,43.37916666666667,40,32.94583333333333,39.725,0.7895242671792407,0.9126915118168126,1.0211515863689777,0.08730848818318737,0.009156334615932904,False,False
verified-reuse-control,10,7,1024,ring24,36.072916666666664,35.38541666666667,40,34.87083333333334,40.53333333333333,40,33.45,39.9875,0.9574105621805792,0.9761702393663412,0.9971031286210895,0.023829760633658825,0.009156334615932904,False,False
verified-reuse-control,8,7,4096,hot,176.5,168.0,40,160.0,207.2,40,153.0,226.0,0.9477806788511749,0.9581418379708864,1.067632850241546,0.04185816202911363,0.016125739946927897,False,False
verified-reuse-control,9,7,4096,hot,176.75,153.5,40,159.0,373.90000000000003,40,138.9,197.3,0.5234899328859061,0.8616477272727272,0.8850931677018633,0.1383522727272728,0.016125739946927897,True,False
verified-reuse-control,10,7,4096,hot,184.25,168.5,40,156.0,381.7,40,143.0,196.3,0.5105263157894737,0.9110640788940425,0.9177215189873418,0.0889359211059575,0.016125739946927897,True,False
verified-reuse-control,8,7,4096,ring24,64.05208333333334,52.8125,40,63.829166666666666,65.17083333333333,40,52.5375,53.18333333333333,0.809462915601023,0.8251737520930864,0.8275187479621781,0.1748262479069136,0.0011978292400709467,True,False
verified-reuse-control,9,7,4096,ring24,64.0625,52.677083333333336,40,63.916666666666664,64.37916666666666,40,50.03333333333333,56.22916666666667,0.7839245037422713,0.8219761171459833,0.859278518037049,0.1780238828540167,0.0011978292400709467,True,False
verified-reuse-control,10,7,4096,ring24,63.989583333333336,54.291666666666664,40,63.7875,64.20833333333333,40,53.204166666666666,60.60416666666668,0.832302181699772,0.8483072916666666,0.9286179921773142,0.15169270833333337,0.0011978292400709467,True,False
verified-reuse-baseline,8,0,1,hot,175.5,160.25,40,120.8,231.3,40,110.9,198.1,0.8702460850111857,0.9093777719612035,0.9212410501193318,0.09062222803879649,0.026030368763557465,True,False
verified-reuse-baseline,9,0,1,hot,173.75,159.5,40,120.9,211.0,40,113.9,195.0,0.9079903147699758,0.9219475483443033,0.9421487603305785,0.07805245165569674,0.026030368763557465,True,False
verified-reuse-baseline,10,0,1,hot,170.0,155.75,40,119.0,212.0,40,113.0,194.0,0.9090909090909091,0.9217657342657343,0.9495798319327731,0.07823426573426573,0.026030368763557465,True,False
verified-reuse-baseline,8,0,1,ring24,46.78125,33.02083333333333,40,44.075,53.6625,40,30.77916666666667,67.0125,0.6536565324568611,0.7034301291144718,1.45273631840796,0.2965698708855282,0.07591876208897497,False,False
verified-reuse-baseline,9,0,1,ring24,47.32291666666667,33.520833333333336,40,44.52083333333333,52.65416666666667,40,30.683333333333334,36.80833333333333,0.6651845264562026,0.7063961322025838,0.7322799097065464,0.2936038677974162,0.07591876208897497,True,False
verified-reuse-baseline,10,0,1,ring24,46.541666666666664,32.510416666666664,40,44.391666666666666,51.75416666666667,40,29.679166666666667,35.108333333333334,0.640918580375783,0.7028170007566721,0.7142201834862386,0.2971829992433279,0.07591876208897497,True,False
verified-reuse-baseline,8,0,16,hot,197.75,143.0,40,138.0,227.1,40,120.0,180.1,0.6525612472160356,0.799817361090488,0.808695652173913,0.20018263890951205,0.03404255319148941,True,False
verified-reuse-baseline,9,0,16,hot,175.0,153.75,40,148.5,226.0,40,120.0,178.0,0.7652173913043478,0.799952544517762,0.9915492957746479,0.200047455482238,0.03404255319148941,True,False
verified-reuse-baseline,10,0,16,hot,171.75,135.0,40,149.8,175.0,40,119.8,176.1,0.7619047619047619,0.7803553676894417,1.0174418604651163,0.2196446323105583,0.03404255319148941,False,False
verified-reuse-baseline,8,0,16,ring24,52.89583333333333,33.64583333333333,40,46.89583333333333,68.35416666666666,40,32.13333333333333,53.75416666666669,0.4925465838509316,0.6371841054164022,0.9886411442995372,0.36281589458359775,0.06721915285451208,True,False
verified-reuse-baseline,9,0,16,ring24,48.385416666666664,34.79166666666667,40,46.5375,53.675,40,31.3625,37.36666666666667,0.675103734439834,0.7194600297666058,0.7415681121331582,0.28053997023339416,0.06721915285451208,True,False
verified-reuse-baseline,10,0,16,ring24,48.69791666666667,33.08333333333333,40,46.88333333333333,53.59583333333333,40,31.241666666666667,35.916666666666664,0.6583719949388442,0.6764192343124713,0.7000433463372344,0.3235807656875287,0.06721915285451208,True,False
verified-reuse-baseline,8,0,64,hot,171.75,112.5,40,160.8,210.1,40,106.9,128.1,0.5918854415274463,0.6403542973385319,0.6588235294117647,0.3596457026614681,0.023668639053254448,True,False
verified-reuse-baseline,9,0,64,hot,171.25,111.5,40,163.9,206.2,40,108.0,163.0,0.6376811594202898,0.6607989464442494,0.7542997542997543,0.3392010535557506,0.023668639053254448,True,False
verified-reuse-baseline,10,0,64,hot,173.0,113.75,40,163.9,330.0,40,110.0,145.1,0.44992050874403816,0.6576959395656279,0.6726726726726727,0.3423040604343721,0.023668639053254448,True,False
verified-reuse-baseline,8,0,64,ring24,60.302083333333336,36.84375,40,58.954166666666666,62.46666666666667,40,33.12083333333334,39.90833333333333,0.5666783339166959,0.6068091505901094,0.6177918424753869,0.3931908494098906,0.18474457662701194,True,False
verified-reuse-baseline,9,0,64,ring24,59.15625,36.33333333333333,40,58.6625,60.12916666666667,40,33.36666666666667,41.84583333333334,0.5834785639595678,0.6148493319787385,0.7042650687345787,0.3851506680212615,0.18474457662701194,True,False
verified-reuse-baseline,10,0,64,ring24,59.53125,35.375,40,59.02916666666666,60.59166666666667,40,33.04166666666667,39.05,0.5804073033707866,0.5938918598381826,0.6074668527564551,0.4061081401618174,0.18474457662701194,True,False
verified-reuse-baseline,8,0,256,hot,273.75,119.0,40,265.9,289.1,40,113.7,123.0,0.4045138888888889,0.43478376917584727,0.4596622889305816,0.5652162308241527,0.03246753246753242,True,False
verified-reuse-baseline,9,0,256,hot,268.5,113.25,40,264.5,295.0,40,107.9,124.1,0.40508474576271186,0.41807258162398353,0.42696629213483145,0.5819274183760165,0.03246753246753242,True,False
verified-reuse-baseline,10,0,256,hot,277.0,113.5,40,267.7,309.1,40,109.0,122.2,0.39384116693679094,0.4083222431278969,0.4188191881918819,0.5916777568721031,0.03246753246753242,True,False
verified-reuse-baseline,8,0,256,ring24,163.90625,36.10416666666667,40,163.2875,164.50416666666666,40,32.99583333333333,39.5625,0.20843388797154833,0.2200786245633075,0.2289064491460617,0.7799213754366925,0.0054735234215886885,True,False
verified-reuse-baseline,9,0,256,ring24,164.01041666666666,34.64583333333333,40,163.125,164.50416666666666,40,32.708333333333336,39.0375,0.2058037418862161,0.21124602871106768,0.22914024854171944,0.7887539712889323,0.0054735234215886885,True,False
verified-reuse-baseline,10,0,256,ring24,163.66666666666669,35.85416666666667,40,161.4875,164.375,40,32.641666666666666,39.9375,0.21434920634920637,0.21906855989133964,0.2236909650924025,0.7809314401086603,0.0054735234215886885,True,False
verified-reuse-baseline,8,0,1024,hot,690.75,131.0,40,675.8,709.2,40,116.0,144.1,0.17664449371766444,0.1894574919155761,0.2025405786873677,0.810542508084424,0.011315417256011262,True,False
verified-reuse-baseline,9,0,1024,hot,690.25,129.75,40,672.9,706.2,40,118.0,142.1,0.1752958579881657,0.18731051476267896,0.2022792022792023,0.812689485237321,0.011315417256011262,True,False
verified-reuse-baseline,10,0,1024,hot,687.75,130.75,40,673.8,704.0,40,117.8,143.0,0.17703703703703705,0.1899261341828713,0.20256776034236804,0.8100738658171287,0.011315417256011262,True,False
verified-reuse-baseline,8,0,1024,ring24,584.3958333333334,52.677083333333336,40,577.6166666666667,593.375,40,50.125,56.75833333333333,0.08893259431432146,0.09052494209510424,0.0915095344625546,0.9094750579048958,0.009156334615932904,True,False
verified-reuse-baseline,9,0,1024,ring24,582.8541666666666,53.35416666666667,40,580.8541666666666,591.8166666666666,40,50.30416666666667,56.63333333333333,0.08982057330759884,0.09157875522513642,0.09254360880754935,0.9084212447748636,0.009156334615932904,True,False
verified-reuse-baseline,10,0,1024,ring24,580.0,53.9375,40,576.2958333333333,591.1833333333333,40,51.69166666666667,57.612500000000004,0.09168900804289544,0.09255554151863685,0.09757507860214663,0.9074444584813631,0.009156334615932904,True,False
verified-reuse-baseline,8,0,4096,hot,2384.25,180.75,40,2356.8,2481.1,40,170.0,190.2,0.07160856782864343,0.07559481774743645,0.07934508816120907,0.9244051822525635,0.016125739946927897,True,False
verified-reuse-baseline,9,0,4096,hot,2392.25,168.75,40,2351.5,2473.3,40,151.0,180.3,0.06286427976686094,0.07069421886659935,0.07521474963335428,0.9293057811334007,0.016125739946927897,True,False
verified-reuse-baseline,10,0,4096,hot,2395.5,173.0,40,2356.9,2485.0,40,161.8,185.0,0.0673926443394288,0.07222006304262275,0.07671347725843639,0.9277799369573773,0.016125739946927897,True,False
verified-reuse-baseline,8,0,4096,ring24,2565.25,55.78125,40,2557.2791666666667,2568.6583333333333,40,53.86666666666667,57.324999999999996,0.021253295477590747,0.02176814777240966,0.02192925417777489,0.9782318522275903,0.0011978292400709467,True,False
verified-reuse-baseline,9,0,4096,ring24,2561.479166666667,54.82291666666667,40,2558.020833333333,2565.7041666666664,40,53.141666666666666,57.0875,0.020904676302881918,0.021397706901750108,0.021590233493773772,0.9786022930982499,0.0011978292400709467,True,False
verified-reuse-baseline,10,0,4096,ring24,2561.260416666667,54.96875,40,2557.5750000000003,2565.875,40,54.49583333333334,57.55,0.02134606949656416,0.021461614746889738,0.021748515480544444,0.9785383852531102,0.0011978292400709467,True,False
verified-conditional-fused,11,4,1,hot,156.0,147.25,40,131.6,184.1,40,136.0,183.5,0.8959537572254336,0.9927369579746039,1.029520295202952,0.0072630420253960715,0.026030368763557465,False,False
verified-conditional-fused,11,4,1,ring24,18.052083333333336,18.65625,40,16.9375,25.291666666666668,40,16.708333333333332,25.4625,1.0091059602649006,1.0334580858261635,1.0507859733978233,-0.0334580858261635,0.07591876208897497,False,False
verified-conditional-fused,11,4,16,hot,136.25,131.75,40,125.0,139.3,40,124.8,137.0,0.9347826086956522,0.9889907886231416,0.9960474308300395,0.011009211376858397,0.03404255319148941,False,False
verified-conditional-fused,11,4,16,ring24,17.989583333333336,18.729166666666668,40,16.55,20.004166666666666,40,16.708333333333332,20.504166666666666,0.9484425349087003,1.028722088693842,1.1481481481481481,-0.028722088693841963,0.06721915285451208,False,False
verified-conditional-fused,11,4,64,hot,131.75,132.0,40,117.4,145.1,40,112.3,143.0,0.95,0.98606220657277,1.0123456790123457,0.013937793427230005,0.023668639053254448,False,False
verified-conditional-fused,11,4,64,ring24,19.78125,19.083333333333332,40,18.208333333333332,21.379166666666666,40,17.704166666666666,20.820833333333336,0.9202518363064008,0.9700938776851536,1.0479910714285716,0.02990612231484635,0.18474457662701194,False,False
verified-conditional-fused,11,4,256,hot,138.25,127.5,40,119.0,156.0,40,117.9,154.0,0.8603896103896104,0.9895081109366823,1.012396694214876,0.010491889063317661,0.03246753246753242,False,False
verified-conditional-fused,11,4,256,ring24,18.90625,20.239583333333336,40,18.116666666666667,20.991666666666667,40,18.14166666666667,21.545833333333334,1.0131868131868131,1.054877978155368,1.101449275362319,-0.0548779781553681,0.0054735234215886885,False,True
verified-conditional-fused,11,4,1024,hot,183.5,186.25,40,155.9,210.1,40,159.0,209.0,0.996875,1.0036202782143064,1.0345911949685536,-0.0036202782143064383,0.011315417256011262,False,False
verified-conditional-fused,11,4,1024,ring24,27.40625,28.4375,40,26.27916666666667,30.34583333333333,40,26.825,30.52916666666667,0.9793103448275862,1.0271148965160601,1.0724852071005917,-0.02711489651606014,0.009156334615932904,False,False
verified-conditional-fused,11,4,4096,hot,206.75,187.0,40,167.8,413.1,40,180.0,211.1,0.44242424242424244,0.9705159705159705,1.0801186943620178,0.029484029484029506,0.016125739946927897,False,False
verified-conditional-fused,11,4,4096,ring24,70.34375,78.32291666666666,40,69.40833333333333,71.42500000000001,40,77.03750000000001,80.83749999999999,1.0999118424919188,1.1170207311735756,1.135871156661786,-0.11702073117357559,0.0011978292400709467,False,True
verified-conditional-split,12,7,1,hot,191.5,188.75,40,119.0,211.3,40,112.9,213.1,0.9497907949790795,0.9865022507685551,1.0,0.013497749231444867,0.026030368763557465,False,False
verified-conditional-split,12,7,1,ring24,32.19791666666667,33.72916666666667,40,30.6625,35.975,40,28.708333333333332,38.16666666666667,0.9633911368015414,1.0348348870873403,1.1259791122715403,-0.03483488708734028,0.07591876208897497,False,False
verified-conditional-split,12,7,16,hot,185.75,184.0,40,136.9,191.0,40,157.10000000000002,199.90000000000003,0.9892183288409704,0.9946379547014413,1.25,0.00536204529855866,0.03404255319148941,False,False
verified-conditional-split,12,7,16,ring24,33.05208333333333,33.510416666666664,40,29.77916666666667,37.333333333333336,40,32.06666666666667,78.275,0.9876314162028447,1.0261799771353912,2.3431066749844045,-0.02617997713539122,0.06721915285451208,False,False
verified-conditional-split,12,7,64,hot,125.0,125.0,40,118.9,138.2,40,116.9,138.1,0.9291338582677166,0.9869404728530045,1.0658436213991769,0.013059527146995542,0.023668639053254448,False,False
verified-conditional-split,12,7,64,ring24,35.65625,37.375,40,33.85,40.170833333333334,40,33.325,40.18333333333334,0.9922351636161951,1.0401501540762732,1.081823495032145,-0.0401501540762732,0.18474457662701194,False,False
verified-conditional-split,12,7,256,hot,126.75,120.5,40,118.9,140.4,40,117.0,130.1,0.8681318681318682,0.9866471157145977,1.004149377593361,0.013352884285402267,0.03246753246753242,False,False
verified-conditional-split,12,7,256,ring24,35.26041666666667,36.20833333333333,40,33.2125,39.17916666666667,40,32.075,45.791666666666664,0.9140995260663507,1.0292314772526436,1.2952268709487331,-0.029231477252643634,0.0054735234215886885,False,False
verified-conditional-split,12,7,1024,hot,142.5,142.0,40,126.0,170.1,40,127.0,168.0,0.9911242603550295,0.9922778771615981,1.0,0.007722122838401901,0.011315417256011262,False,False
verified-conditional-split,12,7,1024,ring24,35.73958333333333,36.291666666666664,40,34.86666666666667,39.962500000000006,40,35.5375,39.925,0.9988597491448117,1.013094915284186,1.0266745702430349,-0.013094915284185937,0.009156334615932904,False,False
verified-conditional-split,12,7,4096,hot,169.5,177.5,40,146.0,192.2,40,156.0,196.1,1.0290322580645161,1.059782608695652,1.095890410958904,-0.059782608695652106,0.016125739946927897,False,True
verified-conditional-split,12,7,4096,ring24,63.97916666666667,66.6875,40,63.65416666666666,64.17500000000001,40,66.12083333333334,67.25416666666666,1.035144809632281,1.0423299250612619,1.0495759947814742,-0.042329925061261875,0.0011978292400709467,False,False
verified-conditional-baseline,11,0,1,hot,205.5,147.0,40,191.9,227.0,40,128.5,168.1,0.6860759493670886,0.7134157389896153,0.7423887587822015,0.2865842610103847,0.026030368763557465,True,False
verified-conditional-baseline,12,0,1,hot,201.75,164.0,40,140.0,212.1,40,135.8,197.2,0.7532133676092545,0.9020737458747758,0.9715302491103203,0.09792625412522415,0.026030368763557465,True,False
verified-conditional-baseline,11,0,1,ring24,46.35416666666667,17.34375,40,43.95,49.775,40,16.02916666666667,19.07916666666667,0.3661605206073753,0.372757528643026,0.3795654184003699,0.627242471356974,0.07591876208897497,True,False
verified-conditional-baseline,12,0,1,ring24,46.760416666666664,32.46875,40,41.7,52.666666666666664,40,30.775000000000002,35.829166666666666,0.6797634136037177,0.6943925022153196,0.7720698254364089,0.30560749778468044,0.07591876208897497,True,False
verified-conditional-baseline,11,0,16,hot,135.5,112.25,40,125.9,149.70000000000002,40,107.0,125.1,0.764505119453925,0.8525438660891271,0.8628158844765343,0.14745613391087287,0.03404255319148941,True,False
verified-conditional-baseline,12,0,16,hot,140.75,127.0,40,120.8,164.2,40,116.9,148.1,0.8698412698412699,0.9016569693903365,0.924901185770751,0.09834303060966354,0.03404255319148941,True,False
verified-conditional-baseline,11,0,16,ring24,49.82291666666667,18.302083333333332,40,46.19166666666667,54.137499999999996,40,15.491666666666667,20.420833333333334,0.3252279635258359,0.36333725172170317,0.38328280640970114,0.6366627482782968,0.06721915285451208,True,False
verified-conditional-baseline,12,0,16,ring24,49.083333333333336,34.020833333333336,40,45.0,54.6375,40,31.379166666666666,37.1625,0.6546672247802428,0.7099358497969667,0.732420091324201,0.29006415020303333,0.06721915285451208,True,False
verified-conditional-baseline,11,0,64,hot,161.75,110.25,40,156.8,194.0,40,106.8,120.0,0.6185567010309279,0.6754194855330047,0.6863354037267081,0.3245805144669953,0.023668639053254448,True,False
verified-conditional-baseline,12,0,64,hot,160.25,117.75,40,153.0,196.1,40,107.9,139.3,0.6752577319587629,0.7106729233226836,0.7383177570093458,0.2893270766773164,0.023668639053254448,True,False
verified-conditional-baseline,11,0,64,ring24,59.33333333333333,19.104166666666664,40,58.916666666666664,60.145833333333336,40,17.816666666666666,21.675,0.31265249215754615,0.3219790206091576,0.33415492957746473,0.6780209793908424,0.18474457662701194,True,False
verified-conditional-baseline,12,0,64,ring24,59.34375,36.927083333333336,40,58.9125,59.962500000000006,40,33.40416666666666,50.15833333333333,0.5812979762735521,0.6225949975949976,0.846316531547409,0.3774050024050024,0.18474457662701194,True,False
verified-conditional-baseline,11,0,256,hot,280.25,116.5,40,258.8,466.1,40,106.6,150.1,0.3225806451612903,0.41022295939523457,0.4218455743879473,0.5897770406047654,0.03246753246753242,True,False
verified-conditional-baseline,12,0,256,hot,289.75,118.25,40,265.0,463.1,40,114.0,122.4,0.2510822510822511,0.4121949248424115,0.449438202247191,0.5878050751575885,0.03246753246753242,True,False
verified-conditional-baseline,11,0,256,ring24,163.89583333333331,19.041666666666664,40,163.00833333333333,164.67499999999998,40,17.416666666666668,20.891666666666666,0.11342828077314344,0.11601412035213399,0.11826042726347916,0.883985879647866,0.0054735234215886885,True,False
verified-conditional-baseline,12,0,256,ring24,163.83333333333334,34.208333333333336,40,163.20833333333334,164.41666666666666,40,32.358333333333334,38.975,0.20844461401500697,0.2086535857750673,0.21629535327816674,0.7913464142249327,0.0054735234215886885,True,False
verified-conditional-baseline,11,0,1024,hot,695.0,146.5,40,674.9,715.1,40,131.0,163.2,0.19574780058651026,0.2111652281777055,0.22865208186309105,0.7888347718222946,0.011315417256011262,True,False
verified-conditional-baseline,12,0,1024,hot,682.5,141.25,40,672.9,705.0,40,127.0,157.0,0.1902654867256637,0.20679258283856705,0.22343522561863174,0.793207417161433,0.011315417256011262,True,False
verified-conditional-baseline,11,0,1024,ring24,582.3854166666666,29.760416666666664,40,577.95,608.2541666666667,40,28.291666666666668,31.129166666666666,0.05023592436229467,0.05113672051820067,0.051214001362837575,0.9488632794817993,0.009156334615932904,True,False
verified-conditional-baseline,12,0,1024,ring24,576.6979166666667,53.33333333333333,40,574.7125,586.8,40,49.5625,55.37083333333334,0.08664664809522088,0.09193264139815355,0.09256186422336049,0.9080673586018464,0.009156334615932904,True,False
verified-conditional-baseline,11,0,4096,hot,2391.75,216.25,40,2350.9,2475.2,40,210.7,222.0,0.08952102070696508,0.08970723188499206,0.09235269536147096,0.9102927681150079,0.016125739946927897,True,False
verified-conditional-baseline,12,0,4096,hot,2402.0,188.75,40,2351.5,2481.1,40,180.9,202.1,0.07636287973366625,0.0789267806829351,0.08212058212058213,0.9210732193170649,0.016125739946927897,True,False
verified-conditional-baseline,11,0,4096,ring24,2560.0416666666665,80.38541666666666,40,2556.5375,2564.2916666666665,40,79.45416666666667,80.83333333333333,0.03133012624844326,0.03137335147851236,0.0314730324262669,0.9686266485214876,0.0011978292400709467,True,False
verified-conditional-baseline,12,0,4096,ring24,2562.770833333333,67.09375,40,2558.4666666666667,2567.229166666667,40,66.62083333333334,67.5,0.02611439585552908,0.026159749046921456,0.02626160694667112,0.9738402509530786,0.0011978292400709467,True,False
confirmation-noise,0,0,1,hot,204.75,186.5,40,140.9,220.3,40,139.8,217.0,0.8402061855670103,0.9815985278822306,1.0035335689045937,0.018401472117769435,0,False,False
confirmation-noise,0,0,1,ring24,49.48958333333333,47.34375,40,45.30833333333334,61.266666666666666,40,43.1875,52.670833333333334,0.8962143768609103,0.9401350657354148,1.0008568980291346,0.05986493426458517,0,False,False
confirmation-noise,0,0,7,hot,120.75,121.5,40,116.9,124.1,40,118.0,127.1,0.9958847736625515,1.00625,1.0167364016736402,-0.006250000000000089,0,False,False
confirmation-noise,0,0,7,ring24,50.510416666666664,49.15625,40,46.90833333333333,54.59583333333333,40,46.425000000000004,55.97083333333334,0.954983922829582,0.9653535095777619,1.0024813895781637,0.03464649042223811,0,False,False
confirmation-noise,0,0,16,hot,122.5,122.0,40,117.0,129.1,40,118.0,132.2,0.9759036144578314,0.9981325863678805,1.016597510373444,0.0018674136321195078,0,False,False
confirmation-noise,0,0,16,ring24,49.10416666666667,48.072916666666664,40,46.4875,53.5625,40,45.475,54.68750000000001,0.9463276836158192,0.9766805848367548,0.9859154929577465,0.023319415163245205,0,False,False
confirmation-noise,0,0,32,hot,133.25,134.0,40,121.9,153.1,40,122.0,147.2,1.0,1.0078547698149027,1.014388489208633,-0.00785476981490274,0,False,False
confirmation-noise,0,0,32,ring24,49.947916666666664,61.02083333333333,40,45.00416666666666,52.87916666666666,40,47.40833333333334,86.54583333333333,1.017766497461929,1.2728499912861464,1.6658466584665848,-0.2728499912861464,0,False,True
confirmation-noise,0,0,64,hot,196.25,198.5,40,155.9,323.0,40,159.9,235.1,0.7262830482115086,1.003125,1.0511182108626198,-0.0031250000000000444,0,False,False
confirmation-noise,0,0,64,ring24,59.19791666666667,59.42708333333333,40,58.87083333333334,59.875,40,58.829166666666666,60.358333333333334,0.9993004547044421,1.002823117203285,1.007047216349542,-0.002823117203285097,0,False,False
confirmation-noise,0,0,128,hot,196.0,193.75,40,188.0,199.1,40,187.8,204.1,0.9770992366412213,0.9949755576418791,1.0078125,0.00502444235812094,0,False,False
confirmation-noise,0,0,128,ring24,92.52083333333334,92.47916666666667,40,92.07083333333333,92.83749999999999,40,92.20833333333333,92.75833333333334,0.9975258659469187,1.0001119028081267,1.0024819494584838,-0.00011190280812667375,0,False,False
confirmation-noise,0,0,256,hot,269.5,268.25,40,264.0,286.1,40,260.9,275.0,0.955595026642984,0.9962616299991964,1.0166358595194085,0.0037383700008035703,0,False,False
confirmation-noise,0,0,256,ring24,163.61458333333331,163.21875,40,162.95833333333334,164.2125,40,161.49583333333334,164.47083333333333,0.9951660094135607,0.9980258307444987,1.0006376737661014,0.0019741692555013124,0,False,False
confirmation-noise,0,0,512,hot,407.0,405.75,40,399.9,416.1,40,396.8,413.0,0.9865525672371638,0.9975520195838433,1.002466091245376,0.002447980416156681,0,False,False
confirmation-noise,0,0,512,ring24,300.1666666666667,300.20833333333337,40,298.325,300.50416666666666,40,299.6625,300.71666666666664,0.9996531390912246,1.0003471643759547,1.0005551700208188,-0.0003471643759547227,0,False,False
confirmation-noise,0,0,1024,hot,696.0,686.75,40,673.9,718.0,40,670.9,702.1,0.9755244755244755,0.9856405925075427,1.000740192450037,0.014359407492457343,0,False,False
confirmation-noise,0,0,1024,ring24,583.5104166666666,582.25,40,574.7916666666666,601.6208333333333,40,576.7708333333333,588.3708333333334,0.9970337014402632,0.9992527259492845,1.0030778143896875,0.0007472740507155073,0,False,False
confirmation-noise,0,0,2048,hot,1300.75,1305.25,40,1247.0,1386.2,40,1246.5,1388.7,0.9571797711332595,0.997515236200581,1.062792511700468,0.0024847637994189764,0,False,False
confirmation-noise,0,0,2048,ring24,1298.3854166666667,1298.1145833333333,40,1293.9125000000001,1302.75,40,1293.7333333333333,1302.375,0.9985877746216679,0.999842038832907,1.0015882692677918,0.00015796116709299035,0,False,False
confirmation-noise,0,0,4095,hot,2673.75,2661.5,40,2636.9,2811.4000000000005,40,2638.2,2697.2,0.987978546328833,0.9937364818198509,1.0039615166949631,0.006263518180149141,0,False,False
confirmation-noise,0,0,4095,ring24,2839.541666666667,2839.78125,40,2797.3125,2877.7333333333336,40,2797.2791666666667,2879.0416666666665,0.9999925528191301,1.0000838260212837,1.0005140383139541,-8.382602128365058e-05,0,False,False
confirmation-noise,0,0,4096,hot,2390.0,2406.0,40,2346.9,2487.1,40,2356.9,2483.1,0.9995819397993311,1.0038735343383585,1.0259001895135818,-0.003873534338358464,0,False,False
confirmation-noise,0,0,4096,ring24,2563.020833333333,2562.989583333333,40,2559.2166666666667,2566.416666666667,40,2559.6583333333333,2568.0375,0.999878022996731,0.9999350357467982,1.0000975007312556,6.496425320179355e-05,0,False,False
confirmation-crossover,9,4,1,hot,154.0,187.5,40,120.9,181.1,40,159.9,206.2,1.0966850828729282,1.2304178938831263,1.322314049586777,-0.23041789388312628,0.15979381443298968,False,True
confirmation-crossover,9,4,1,ring24,17.65625,32.51041666666667,40,16.400000000000002,19.041666666666668,40,30.158333333333335,63.583333333333336,1.7249114521841793,1.841294747276737,3.1069767441860465,-0.8412947472767369,0.10378562313908968,False,True
confirmation-crossover,9,4,7,hot,136.0,173.75,40,123.9,142.0,40,161.0,178.0,1.2482014388489209,1.2849264705882353,1.310483870967742,-0.2849264705882353,0.01673640167364021,False,True
confirmation-crossover,9,4,7,ring24,18.40625,33.80208333333333,40,16.916666666666668,20.445833333333336,40,31.095833333333335,37.50833333333333,1.723991507430998,1.8491223686757956,1.9371428571428575,-0.8491223686757956,0.045016077170418,False,True
confirmation-crossover,9,4,16,hot,136.5,173.5,40,133.0,141.1,40,169.9,180.0,1.2374100719424461,1.2757231684238985,1.3051470588235294,-0.27572316842389855,0.02409638554216864,False,True
confirmation-crossover,9,4,16,ring24,18.395833333333332,33.26041666666667,40,16.783333333333335,19.875,40,29.541666666666664,37.858333333333334,1.5725359911406422,1.8079296414464276,2.035335689045936,-0.8079296414464276,0.053672316384180796,False,True
confirmation-crossover,9,4,32,hot,131.5,171.5,40,116.9,142.0,40,155.0,180.0,1.2579505300353357,1.2977722237650036,1.3413654618473896,-0.29777222376500356,0.014388489208633004,False,True
confirmation-crossover,9,4,32,ring24,17.697916666666668,34.84375,40,16.575,19.920833333333334,40,31.9125,37.60416666666667,1.8841743119266057,1.9741523626859423,2.0870646766169156,-0.9741523626859423,0.6658466584665848,False,True
confirmation-crossover,9,4,64,hot,142.5,178.5,40,137.9,146.1,40,173.0,185.0,1.2412587412587412,1.2596646311435045,1.2678571428571428,-0.25966463114350447,0.2737169517884914,False,True
confirmation-crossover,9,4,64,ring24,19.729166666666664,35.03125,40,17.954166666666666,29.879166666666666,40,32.71666666666667,38.90416666666667,1.1867132867132868,1.776720530167612,1.8531701890989993,-0.7767205301676121,0.007047216349542085,False,True
confirmation-crossover,9,4,128,hot,145.0,177.25,40,125.9,150.1,40,139.9,184.0,1.1067193675889329,1.2224137931034482,1.2534246575342465,-0.22241379310344822,0.022900763358778664,False,True
confirmation-crossover,9,4,128,ring24,19.03125,35.01041666666667,40,17.27916666666667,20.916666666666668,40,32.61666666666667,39.94583333333333,1.737811484290358,1.8396300690250218,2.01271676300578,-0.8396300690250218,0.00248194945848379,False,True
confirmation-crossover,9,4,256,hot,150.5,182.0,40,130.9,155.0,40,135.5,188.2,1.0458015267175573,1.2092568880254326,1.218241042345277,-0.20925688802543263,0.04440497335701599,False,True
confirmation-crossover,9,4,256,ring24,19.59375,35.802083333333336,40,18.316666666666666,20.958333333333332,40,33.3625,40.400000000000006,1.7268907563025209,1.81994621246078,1.9903121636167922,-0.8199462124607799,0.004833990586439296,False,True
confirmation-crossover,9,4,512,hot,151.5,156.25,40,126.9,175.2,40,118.0,194.0,0.9135338345864662,1.0173545117205176,1.1235294117647059,-0.017354511720517607,0.01344743276283622,False,False
confirmation-crossover,9,4,512,ring24,19.260416666666664,36.15625,40,17.954166666666666,21.145833333333332,40,33.82083333333333,40.612500000000004,1.7537993920972645,1.8451601769083168,1.977272727272727,-0.8451601769083168,0.0005551700208188404,False,True
confirmation-crossover,9,4,1024,hot,171.25,157.75,40,134.9,208.0,40,117.0,207.0,0.8639705882352942,0.9126593433983763,1.0,0.08734065660162371,0.02447552447552448,False,False
confirmation-crossover,9,4,1024,ring24,26.645833333333336,35.34375,40,26.166666666666668,26.958333333333332,40,32.5,39.09583333333334,1.2392829306313327,1.326486589258324,1.3403921568627453,-0.32648658925832397,0.003077814389687461,False,True
confirmation-crossover,9,4,2048,hot,212.75,179.0,40,137.9,280.1,40,119.0,235.0,0.833634719710669,0.8472071877029661,0.8592057761732852,0.1527928122970339,0.06279251170046796,True,False
confirmation-crossover,9,4,2048,ring24,40.40625,36.3125,40,40.2,40.59166666666667,40,35.77916666666666,42.17083333333334,0.8934088568486097,0.8986856866383459,1.0320744956026902,0.10131431336165408,0.0015882692677917642,False,False
confirmation-crossover,9,4,4095,hot,181.75,138.75,40,176.0,226.0,40,132.0,160.0,0.7088888888888889,0.7538940102629308,0.780281690140845,0.2461059897370692,0.012021453671167026,True,False
confirmation-crossover,9,4,4095,ring24,69.53125,52.416666666666664,40,68.92916666666666,69.875,40,50.166666666666664,55.391666666666666,0.7236723672367237,0.755905484100807,0.7885765550239234,0.24409451589919295,0.0005140383139541349,True,False
confirmation-crossover,9,4,4096,hot,184.5,138.25,40,177.0,242.1,40,132.9,160.3,0.6652806652806653,0.7465702115158637,0.7655367231638418,0.25342978848413633,0.02590018951358175,True,False
confirmation-crossover,9,4,4096,ring24,69.79166666666667,52.32291666666667,40,68.69583333333333,70.75833333333334,40,50.166666666666664,56.75,0.7217573221757321,0.7541494474049095,0.7904138136350105,0.24585055259509048,0.00012197700326899152,True,False
confirmation-baseline,4,0,1,hot,167.5,130.5,40,129.0,222.0,40,109.0,169.1,0.6864197530864198,0.7977575254020184,0.9207547169811321,0.20224247459798161,0.15979381443298968,True,False
confirmation-baseline,9,0,1,hot,169.25,153.5,40,124.0,216.2,40,111.0,196.0,0.8774703557312253,0.9066566147316691,0.9154929577464789,0.09334338526833086,0.15979381443298968,False,False
confirmation-baseline,4,0,1,ring24,46.177083333333336,17.427083333333332,40,44.479166666666664,50.92916666666667,40,16.40416666666667,19.545833333333334,0.36738351254480284,0.3773693614692972,0.40108892921960065,0.6226306385307028,0.10378562313908968,True,False
confirmation-baseline,9,0,1,ring24,47.28125,32.822916666666664,40,41.00416666666666,60.43333333333336,40,28.325,34.69583333333333,0.6076957098628926,0.6940900616267016,0.7087033747779752,0.3059099383732984,0.10378562313908968,True,False
confirmation-baseline,4,0,7,hot,139.0,122.5,40,130.0,214.1,40,118.0,126.0,0.5876777251184834,0.8830604982206406,0.9083969465648855,0.11693950177935941,0.01673640167364021,True,False
confirmation-baseline,9,0,7,hot,137.0,120.25,40,120.9,209.1,40,110.9,177.1,0.8444976076555024,0.8777372262773723,0.9262295081967213,0.12226277372262773,0.01673640167364021,True,False
confirmation-baseline,4,0,7,ring24,52.322916666666664,19.072916666666664,40,47.920833333333334,55.675000000000004,40,17.458333333333332,20.858333333333334,0.34956452889944584,0.3626092690538991,0.3962025316455696,0.6373907309461009,0.045016077170418,True,False
confirmation-baseline,9,0,7,ring24,49.614583333333336,35.614583333333336,40,48.291666666666664,55.0125,40,31.683333333333334,40.76250000000002,0.6904666932588751,0.7077992926566165,0.8074324324324325,0.29220070734338355,0.045016077170418,True,False
confirmation-baseline,4,0,16,hot,145.25,109.25,40,118.0,214.1,40,107.0,123.1,0.5727699530516432,0.7575352280869359,0.9,0.24246477191306415,0.02409638554216864,True,False
confirmation-baseline,9,0,16,hot,147.75,115.5,40,121.0,228.0,40,111.0,177.2,0.7230769230769231,0.8154582491470969,0.934156378600823,0.18454175085290314,0.02409638554216864,True,False
confirmation-baseline,4,0,16,ring24,49.44791666666667,17.90625,40,46.375,55.37916666666667,40,16.525000000000002,20.108333333333334,0.3474434199497067,0.35262769337727445,0.3774385072094995,0.6473723066227255,0.053672316384180796,True,False
confirmation-baseline,9,0,16,ring24,48.864583333333336,33.375,40,46.708333333333336,55.07083333333333,40,31.316666666666666,36.541666666666664,0.6656879194630871,0.6858379403852641,0.7047008547008548,0.31416205961473587,0.053672316384180796,True,False
confirmation-baseline,4,0,32,hot,215.75,124.0,40,169.9,258.1,40,118.7,135.1,0.48249027237354086,0.6064324975193158,0.7146974063400576,0.3935675024806842,0.014388489208633004,True,False
confirmation-baseline,9,0,32,hot,172.0,127.0,40,166.9,258.1,40,119.9,177.1,0.686046511627907,0.7193676231352324,0.7690058479532164,0.2806323768647676,0.014388489208633004,True,False
confirmation-baseline,4,0,32,ring24,49.447916666666664,18.3125,40,47.8625,69.34166666666667,40,14.7125,19.770833333333332,0.27320221266133987,0.33317561498617193,0.3951817413355875,0.666824385013828,0.6658466584665848,True,False
confirmation-baseline,9,0,32,ring24,48.77083333333333,34.80208333333333,40,45.82083333333333,55.11666666666667,40,30.84166666666667,68.275,0.5916634504052489,0.7297988744197824,1.3473818646232438,0.2702011255802176,0.6658466584665848,False,False
confirmation-baseline,4,0,64,hot,190.0,114.75,40,146.9,338.1,40,82.0,139.1,0.41185185185185186,0.5692730104089829,0.6318840579710145,0.4307269895910171,0.2737169517884914,True,False
confirmation-baseline,9,0,64,hot,189.5,117.75,40,165.8,334.1,40,109.0,181.3,0.5344311377245509,0.6241464013755833,0.6597014925373135,0.3758535986244167,0.2737169517884914,True,False
confirmation-baseline,4,0,64,ring24,59.5625,20.302083333333332,40,58.94583333333333,64.39583333333333,40,17.854166666666668,28.616666666666667,0.32210526315789473,0.3386345427865259,0.47027972027972037,0.6613654572134742,0.007047216349542085,True,False
confirmation-baseline,9,0,64,ring24,60.53125,35.4375,40,59.12083333333334,62.416666666666664,40,32.52083333333333,40.3,0.5678846798524975,0.5842657342657342,0.5994578109115555,0.41573426573426575,0.007047216349542085,True,False
confirmation-baseline,4,0,128,hot,195.75,110.25,40,192.0,247.0,40,105.0,122.0,0.48676171079429736,0.5519365966265313,0.5692307692307692,0.4480634033734687,0.022900763358778664,True,False
confirmation-baseline,9,0,128,hot,196.25,112.25,40,193.8,261.4,40,108.9,125.0,0.47509578544061304,0.5637987023551538,0.5739795918367347,0.43620129764484616,0.022900763358778664,True,False
confirmation-baseline,4,0,128,ring24,92.6875,18.5625,40,92.5,92.87916666666666,40,16.8625,21.108333333333334,0.18594206153155174,0.20045241373111203,0.21545720062907212,0.799547586268888,0.00248194945848379,True,False
confirmation-baseline,9,0,128,ring24,92.67708333333334,35.01041666666667,40,92.375,92.83749999999999,40,32.61666666666667,40.420833333333334,0.35797752808988764,0.3780226487906268,0.410561797752809,0.6219773512093731,0.00248194945848379,True,False
confirmation-baseline,4,0,256,hot,267.0,120.25,40,253.7,392.1,40,93.0,128.0,0.3218390804597701,0.412640712945591,0.4504672897196262,0.587359287054409,0.04440497335701599,True,False
confirmation-baseline,9,0,256,hot,269.0,114.25,40,249.9,465.0,40,109.9,133.0,0.27771797631862216,0.4173438644498805,0.4590818363273453,0.5826561355501195,0.04440497335701599,True,False
confirmation-baseline,4,0,256,ring24,163.91666666666669,19.145833333333336,40,160.27916666666667,164.47083333333333,40,17.366666666666667,22.270833333333332,0.10948626653102746,0.11661363179696435,0.12605588044184537,0.8833863682030356,0.004833990586439296,True,False
confirmation-baseline,9,0,256,ring24,163.8125,35.92708333333333,40,163.13333333333333,164.55416666666665,40,33.358333333333334,38.44583333333333,0.21484771573604064,0.21938803816593944,0.2258967183922666,0.7806119618340606,0.004833990586439296,True,False
confirmation-baseline,4,0,512,hot,405.0,124.0,40,401.8,479.1,40,117.9,129.1,0.26854754440961337,0.3024618348534361,0.3076923076923077,0.697538165146564,0.01344743276283622,True,False
confirmation-baseline,9,0,512,hot,403.75,116.25,40,383.9,446.4,40,112.0,122.0,0.26741573033707866,0.2879261903885556,0.3020833333333333,0.7120738096114444,0.01344743276283622,True,False
confirmation-baseline,4,0,512,ring24,300.29166666666663,19.65625,40,299.57916666666665,301.04583333333335,40,17.829166666666666,22.2625,0.05970045763417002,0.06549396930909784,0.06750381573470239,0.9345060306909021,0.0005551700208188404,True,False
confirmation-baseline,9,0,512,ring24,300.2395833333333,35.927083333333336,40,299.6166666666667,301.12916666666666,40,33.795833333333334,40.516666666666666,0.11538995281709687,0.11957990947434985,0.1272638956352786,0.8804200905256502,0.0005551700208188404,True,False
confirmation-baseline,4,0,1024,hot,687.25,145.0,40,671.0,704.3,40,128.0,161.1,0.1937869822485207,0.21118141081344977,0.22863247863247863,0.7888185891865502,0.02447552447552448,True,False
confirmation-baseline,9,0,1024,hot,688.5,130.5,40,671.0,704.1,40,115.0,143.1,0.17121771217712178,0.1896200095537792,0.20371694067190851,0.8103799904462208,0.02447552447552448,True,False
confirmation-baseline,4,0,1024,ring24,580.6979166666667,29.510416666666664,40,574.7041666666667,592.7375000000001,40,28.708333333333332,30.95416666666667,0.04970414201183432,0.05072414429944674,0.05235696945541504,0.9492758557005533,0.003077814389687461,True,False
confirmation-baseline,9,0,1024,ring24,581.8229166666667,53.84375,40,579.7208333333333,589.6416666666667,40,49.24583333333333,55.99166666666667,0.0865692014799382,0.09254320089432633,0.09382036527395547,0.9074567991056737,0.003077814389687461,True,False
confirmation-baseline,4,0,2048,hot,1294.5,182.0,40,1257.8,1378.2,40,172.9,193.0,0.13077496274217584,0.14061813457951122,0.14990138067061143,0.8593818654204888,0.06279251170046796,True,False
confirmation-baseline,9,0,2048,hot,1306.75,159.25,40,1255.7,1395.2,40,148.0,170.1,0.1150611620795107,0.12123835832641737,0.12792033703561853,0.8787616416735826,0.06279251170046796,True,False
confirmation-baseline,4,0,2048,ring24,1296.2604166666667,40.895833333333336,40,1292.7458333333332,1301.3583333333333,40,40.458333333333336,41.42916666666667,0.03128161482504456,0.0315378464549293,0.03187443599329638,0.9684621535450707,0.0015882692677917642,True,False
confirmation-baseline,9,0,2048,ring24,1297.40625,52.70833333333333,40,1293.4833333333333,1300.9083333333333,40,50.44583333333333,55.420833333333334,0.040356511964027626,0.040645426387303965,0.04095952216566849,0.959354573612696,0.0015882692677917642,True,False
confirmation-baseline,4,0,4095,hot,2661.25,217.0,40,2632.8,2731.6,40,204.0,221.1,0.07674943566591422,0.0814812671837558,0.0825930825930826,0.9185187328162442,0.012021453671167026,True,False
confirmation-baseline,9,0,4095,hot,2666.75,170.75,40,2622.7,2758.8,40,161.0,181.2,0.059846266471449486,0.06393471610639304,0.06760349411317888,0.936065283893607,0.012021453671167026,True,False
confirmation-baseline,4,0,4095,ring24,2828.0625,70.25,40,2808.6291666666666,2841.6875,40,69.66250000000001,71.42083333333333,0.024575500747822523,0.0248994259111255,0.02523917793657355,0.9751005740888745,0.0005140383139541349,True,False
confirmation-baseline,9,0,4095,ring24,2828.40625,55.489583333333336,40,2814.4583333333335,2854.2875,40,52.93333333333334,57.4,0.019459285860266854,0.019516945348456494,0.019885943917501404,0.9804830546515435,0.0005140383139541349,True,False
confirmation-baseline,4,0,4096,hot,2394.75,212.5,40,2352.0,2483.3,40,203.0,221.1,0.08500933029234917,0.08874978017071396,0.09230445752733389,0.911250219829286,0.02590018951358175,True,False
confirmation-baseline,9,0,4096,hot,2391.5,168.5,40,2349.0,2486.0,40,159.8,180.1,0.06718130607135406,0.07072669513332233,0.07412790697674419,0.9292733048666777,0.02590018951358175,True,False
confirmation-baseline,4,0,4096,ring24,2563.6666666666665,70.5,40,2560.491666666667,2567.195833333333,40,69.74583333333334,71.37916666666666,0.02729605092231749,0.02748744917260416,0.027719469530550805,0.9725125508273958,0.00012197700326899152,True,False
confirmation-baseline,9,0,4096,ring24,2560.5625,54.5,40,2557.2875,2566.5333333333333,40,51.4875,56.40833333333333,0.02067259172445226,0.021258028894463397,0.021701056541679226,0.9787419711055366,0.00012197700326899152,True,False
